ts_code,name,instrument_type,role,sampling_tier,interval_seconds,industry_l1,market,exchange,selection_bucket,selection_reason,industry_benchmark_symbol,proxy_quality,circ_mv_cny,avg_amount_20d_cny,latest_amount_cny,turnover_rate,volume_ratio,pct_chg,list_date
001317.SZ,三羊马,stock,dynamic_observer,satellite_60s,60,交通运输,主板,SZ,turnover_rate,动态异动（2026-09-28）：固定池外换手率筛选第6，指标值22.28%；捕捉筹码交换活跃标的。动态席位应在下一交易日重算。,159662.SZ,,5497810750.0,344535897.23,1264676579.51,22.2849,2.01,-1.5314,20211130
000582.SZ,北部湾港,stock,fixed_representative,satellite_60s,60,交通运输,主板,SZ,coverage_fill,覆盖加密：补足固定代表池至320只，并优先增加样本较少的申万一级「交通运输」；近20个交易日平均成交额行业第6/118。,159662.SZ,,19735161030.0,642802010.93,419412258.99,2.1508,0.99,0.4391,19951102
000626.SZ,远大控股,stock,fixed_representative,satellite_60s,60,交通运输,主板,SZ,small_cap,固定代表：申万一级「交通运输」小市值层；行业内流通市值第85/118、近20个交易日平均成交额第22/118，用于兼顾行业规模层次和可交易活跃度。,159662.SZ,,4387521360.0,228697942.45,107101060.2,2.4275,0.85,-2.9018,19961128
002040.SZ,南京港,stock,fixed_representative,satellite_60s,60,交通运输,主板,SZ,small_cap,固定代表：申万一级「交通运输」小市值层；行业内流通市值第87/118、近20个交易日平均成交额第18/118，用于兼顾行业规模层次和可交易活跃度。,159662.SZ,,4340653322.0,304069579.67,110332362.54,2.5267,0.54,-1.652,20050325
002320.SZ,海峡股份,stock,fixed_representative,satellite_60s,60,交通运输,主板,SZ,mid_cap,固定代表：申万一级「交通运输」中市值层；行业内流通市值第47/118、近20个交易日平均成交额第13/118，用于兼顾行业规模层次和可交易活跃度。,159662.SZ,,14181529462.0,437247401.37,278599488.88,1.933,1.12,-6.213,20091216
600026.SH,中远海能,stock,fixed_representative,satellite_60s,60,交通运输,主板,SH,large_cap,固定代表：申万一级「交通运输」大市值层；行业内流通市值第7/118、近20个交易日平均成交额第2/118，用于兼顾行业规模层次和可交易活跃度。,159662.SZ,,81268270160.0,1618020667.35,1149720039.0,1.4029,0.66,-0.7944,20020523
600611.SH,大众交通,stock,fixed_representative,satellite_60s,60,交通运输,主板,SH,mid_cap,固定代表：申万一级「交通运输」中市值层；行业内流通市值第69/118、近20个交易日平均成交额第11/118，用于兼顾行业规模层次和可交易活跃度。,159662.SZ,,6675361028.0,459381924.75,155000206.0,2.2992,0.65,-3.1746,19920807
601872.SH,招商轮船,stock,fixed_representative,satellite_60s,60,交通运输,主板,SH,large_cap,固定代表：申万一级「交通运输」大市值层；行业内流通市值第3/118、近20个交易日平均成交额第1/118，用于兼顾行业规模层次和可交易活跃度。,159662.SZ,,166739220025.0,2976268086.25,1844978620.0,1.1001,0.54,-1.3378,20061201
601919.SH,中远海控,stock,fixed_representative,satellite_60s,60,交通运输,主板,SH,liquidity_anchor,固定代表：申万一级「交通运输」流动性锚；近20个交易日平均成交额行业第3/118，补充该行业最活跃且未重复的交易标的。,159662.SZ,,206680598444.0,1286557400.65,1202792719.0,0.5834,1.1,0.9816,20070626
601975.SH,招商南油,stock,fixed_representative,satellite_60s,60,交通运输,主板,SH,coverage_fill,覆盖加密：补足固定代表池至320只，并优先增加样本较少的申万一级「交通运输」；近20个交易日平均成交额行业第4/118。,159662.SZ,,21155158044.0,967041718.5,675380744.0,3.197,0.72,1.1186,20190108
603162.SH,海通发展,stock,fixed_representative,satellite_60s,60,交通运输,主板,SH,mid_cap,固定代表：申万一级「交通运输」中市值层；行业内流通市值第74/118、近20个交易日平均成交额第5/118，用于兼顾行业规模层次和可交易活跃度。,159662.SZ,,5532089934.0,953287990.15,465629967.0,8.3345,0.82,-3.0529,20230329
603230.SH,内蒙新华,stock,dynamic_observer,satellite_60s,60,传媒,主板,SH,daily_loser,动态异动（2026-09-28）：固定池外跌幅筛选第2，指标值-10.02%；捕捉当日风险和弱势方向。动态席位应在下一交易日重算。,512980.SH,,5875552260.0,311970667.1,262244165.0,4.2884,0.26,-10.0162,20211224
000892.SZ,欢瑞世纪,stock,fixed_representative,satellite_60s,60,传媒,主板,SZ,small_cap,固定代表：申万一级「传媒」小市值层；行业内流通市值第68/81、近20个交易日平均成交额第9/81，用于兼顾行业规模层次和可交易活跃度。,512980.SH,,3077758804.0,698526608.88,537596675.83,16.8554,1.06,-3.9911,19990115
001330.SZ,博纳影业,stock,fixed_representative,satellite_60s,60,传媒,主板,SZ,mid_cap,固定代表：申万一级「传媒」中市值层；行业内流通市值第46/81、近20个交易日平均成交额第7/81，用于兼顾行业规模层次和可交易活跃度。,512980.SH,,7395708828.0,839272002.05,261050016.0,3.5297,0.35,10.0346,20220818
002181.SZ,粤传媒,stock,fixed_representative,satellite_60s,60,传媒,主板,SZ,coverage_fill,覆盖加密：补足固定代表池至320只，并优先增加样本较少的申万一级「传媒」；近20个交易日平均成交额行业第8/81。,512980.SH,,9859127399.0,827973645.47,956641772.83,9.4107,1.36,-9.2902,20071116
002354.SZ,天娱数科,stock,fixed_representative,satellite_60s,60,传媒,主板,SZ,large_cap,固定代表：申万一级「传媒」大市值层；行业内流通市值第23/81、近20个交易日平均成交额第1/81，用于兼顾行业规模层次和可交易活跃度。,512980.SH,,11633005670.0,2373408772.09,902815907.18,7.6985,0.56,-4.4118,20100209
002517.SZ,恺英网络,stock,fixed_representative,satellite_60s,60,传媒,主板,SZ,coverage_fill,覆盖加密：补足固定代表池至320只，并优先增加样本较少的申万一级「传媒」；近20个交易日平均成交额行业第5/81。,512980.SH,,29466509856.0,927710272.33,486442176.37,1.6452,0.84,-3.0303,20101207
002558.SZ,巨人网络,stock,fixed_representative,satellite_60s,60,传媒,主板,SZ,liquidity_anchor,固定代表：申万一级「传媒」流动性锚；近20个交易日平均成交额行业第3/81，补充该行业最活跃且未重复的交易标的。,512980.SH,,42154298810.0,1391840972.91,1373978954.11,3.191,1.32,-6.0965,20110302
002602.SZ,世纪华通,stock,fixed_representative,satellite_60s,60,传媒,主板,SZ,large_cap,固定代表：申万一级「传媒」大市值层；行业内流通市值第1/81、近20个交易日平均成交额第2/81，用于兼顾行业规模层次和可交易活跃度。,512980.SH,,94272019617.0,1694759473.63,929953595.49,0.9776,0.74,-2.5299,20110728
603466.SH,风语筑,stock,fixed_representative,satellite_60s,60,传媒,主板,SH,mid_cap,固定代表：申万一级「传媒」中市值层；行业内流通市值第48/81、近20个交易日平均成交额第4/81，用于兼顾行业规模层次和可交易活跃度。,512980.SH,,6852424320.0,998700555.7,489927505.0,7.0508,0.68,-4.872,20171020
603533.SH,掌阅科技,stock,fixed_representative,satellite_60s,60,传媒,主板,SH,mid_cap,固定代表：申万一级「传媒」中市值层；行业内流通市值第38/81、近20个交易日平均成交额第6/81，用于兼顾行业规模层次和可交易活跃度。,512980.SH,,9436281200.0,857533824.65,357222504.0,3.742,0.67,-3.8891,20170921
603598.SH,引力传媒,stock,fixed_representative,satellite_60s,60,传媒,主板,SH,small_cap,固定代表：申万一级「传媒」小市值层；行业内流通市值第56/81、近20个交易日平均成交额第26/81，用于兼顾行业规模层次和可交易活跃度。,512980.SH,,4690336894.0,410709415.25,338334222.0,7.1258,0.66,-4.7645,20150527
600032.SH,浙江新能,stock,dynamic_observer,satellite_60s,60,公用事业,主板,SH,daily_gainer,动态异动（2026-09-28）：固定池外涨幅筛选第1，指标值10.07%；捕捉当日强势方向。动态席位应在下一交易日重算。,159611.SZ,,17866737479.0,192817225.15,441559885.0,2.5308,3.21,10.0741,20210525
000993.SZ,闽东电力,stock,fixed_representative,satellite_60s,60,公用事业,主板,SZ,mid_cap,固定代表：申万一级「公用事业」中市值层；行业内流通市值第74/130、近20个交易日平均成交额第6/130，用于兼顾行业规模层次和可交易活跃度。,159611.SZ,,7963776585.0,954445987.36,1211670662.13,14.791,0.8,-9.9896,20000731
001258.SZ,立新能源,stock,fixed_representative,satellite_60s,60,公用事业,主板,SZ,mid_cap,固定代表：申万一级「公用事业」中市值层；行业内流通市值第69/130、近20个交易日平均成交额第5/130，用于兼顾行业规模层次和可交易活跃度。,159611.SZ,,9557213184.0,1089198241.01,337869217.4,3.5166,0.48,-1.9157,20220727
001896.SZ,豫能控股,stock,fixed_representative,satellite_60s,60,公用事业,主板,SZ,coverage_fill,覆盖加密：补足固定代表池至320只，并优先增加样本较少的申万一级「公用事业」；近20个交易日平均成交额行业第7/130。,159611.SZ,,16081734902.0,924307647.45,403255200.1,2.4972,0.49,-2.317,19980122
002015.SZ,协鑫能科,stock,fixed_representative,satellite_60s,60,公用事业,主板,SZ,liquidity_anchor,固定代表：申万一级「公用事业」流动性锚；近20个交易日平均成交额行业第3/130，补充该行业最活跃且未重复的交易标的。,159611.SZ,,23570673192.0,1650609348.81,534613375.94,2.2548,0.63,-2.9412,20040708
002617.SZ,露笑科技,stock,fixed_representative,satellite_60s,60,公用事业,主板,SZ,mid_cap,固定代表：申万一级「公用事业」中市值层；行业内流通市值第51/130、近20个交易日平均成交额第8/130，用于兼顾行业规模层次和可交易活跃度。,159611.SZ,,12673947150.0,792017299.85,617496077.59,4.9174,0.6,1.0479,20110920
600396.SH,华电辽能,stock,fixed_representative,satellite_60s,60,公用事业,主板,SH,large_cap,固定代表：申万一级「公用事业」大市值层；行业内流通市值第35/130、近20个交易日平均成交额第2/130，用于兼顾行业规模层次和可交易活跃度。,159611.SZ,,18438289136.0,1886576468.0,768579451.0,4.1736,0.56,-1.8039,20010328
600900.SH,长江电力,stock,fixed_representative,satellite_60s,60,公用事业,主板,SH,large_cap,固定代表：申万一级「公用事业」大市值层；行业内流通市值第1/130、近20个交易日平均成交额第1/130，用于兼顾行业规模层次和可交易活跃度。,159611.SZ,,698567615335.0,2534041013.25,3079818529.0,0.4414,1.42,0.67,20031118
601991.SH,大唐发电,stock,fixed_representative,satellite_60s,60,公用事业,主板,SH,coverage_fill,覆盖加密：补足固定代表池至320只，并优先增加样本较少的申万一级「公用事业」；近20个交易日平均成交额行业第4/130。,159611.SZ,,65947194012.0,1152797658.8,659226303.0,1.0013,0.77,-0.7463,20061220
603318.SH,水发燃气,stock,fixed_representative,satellite_60s,60,公用事业,主板,SH,small_cap,固定代表：申万一级「公用事业」小市值层；行业内流通市值第110/130、近20个交易日平均成交额第11/130，用于兼顾行业规模层次和可交易活跃度。,159611.SZ,,3957191158.0,614727480.8,251054064.0,6.3963,0.79,-2.7088,20150424
605162.SH,新中港,stock,fixed_representative,satellite_60s,60,公用事业,主板,SH,small_cap,固定代表：申万一级「公用事业」小市值层；行业内流通市值第94/130、近20个交易日平均成交额第16/130，用于兼顾行业规模层次和可交易活跃度。,159611.SZ,,5340726378.0,489853304.55,405559572.0,7.483,0.79,0.083,20210707
001201.SZ,东瑞股份,stock,dynamic_observer,satellite_60s,60,农林牧渔,主板,SZ,daily_gainer,动态异动（2026-09-28）：固定池外涨幅筛选第4，指标值10.03%；捕捉当日强势方向。动态席位应在下一交易日重算。,159825.SZ,,3427744362.0,149878022.65,212005782.51,6.5019,0.94,10.0273,20210428
002852.SZ,道道全,stock,dynamic_observer,satellite_60s,60,农林牧渔,主板,SZ,daily_gainer,动态异动（2026-09-28）：固定池外涨幅筛选第8，指标值10.01%；捕捉当日强势方向。动态席位应在下一交易日重算。,159825.SZ,,2543786430.0,148382471.1,237995171.94,9.8189,2.98,10.0124,20170310
000592.SZ,平潭发展,stock,fixed_representative,satellite_60s,60,农林牧渔,主板,SZ,large_cap,固定代表：申万一级「农林牧渔」大市值层；行业内流通市值第9/79、近20个交易日平均成交额第2/79，用于兼顾行业规模层次和可交易活跃度。,159825.SZ,,17408189916.0,2815423844.35,5083871838.57,29.0916,1.81,3.5308,19960327
000735.SZ,罗牛山,stock,fixed_representative,satellite_60s,60,农林牧渔,主板,SZ,mid_cap,固定代表：申万一级「农林牧渔」中市值层；行业内流通市值第30/79、近20个交易日平均成交额第14/79，用于兼顾行业规模层次和可交易活跃度。,159825.SZ,,6525588825.0,572645229.81,354011008.45,5.437,1.03,0.5319,19970611
002714.SZ,牧原股份,stock,fixed_representative,satellite_60s,60,农林牧渔,主板,SZ,coverage_fill,覆盖加密：补足固定代表池至320只，并优先增加样本较少的申万一级「农林牧渔」；近20个交易日平均成交额行业第4/79。,159825.SZ,,136829625803.0,1625285754.74,1922902763.74,1.4195,1.65,3.0385,20140128
600108.SH,亚盛集团,stock,fixed_representative,satellite_60s,60,农林牧渔,主板,SH,coverage_fill,覆盖加密：补足固定代表池至320只，并优先增加样本较少的申万一级「农林牧渔」；近20个交易日平均成交额行业第5/79。,159825.SZ,,7612438041.0,1336968833.6,569193364.0,7.3502,0.59,-5.3269,19970818
600127.SH,金健米业,stock,fixed_representative,satellite_60s,60,农林牧渔,主板,SH,large_cap,固定代表：申万一级「农林牧渔」大市值层；行业内流通市值第17/79、近20个交易日平均成交额第1/79，用于兼顾行业规模层次和可交易活跃度。,159825.SZ,,9524062688.0,3089458292.5,558224545.0,5.6656,0.15,-10.0061,19980506
600354.SH,敦煌种业,stock,fixed_representative,satellite_60s,60,农林牧渔,主板,SH,mid_cap,固定代表：申万一级「农林牧渔」中市值层；行业内流通市值第39/79、近20个交易日平均成交额第6/79，用于兼顾行业规模层次和可交易活跃度。,159825.SZ,,4729106816.0,1291928212.3,627040249.0,13.0304,0.57,-5.9811,20040115
600359.SH,新农开发,stock,fixed_representative,satellite_60s,60,农林牧渔,主板,SH,small_cap,固定代表：申万一级「农林牧渔」小市值层；行业内流通市值第61/79、近20个交易日平均成交额第20/79，用于兼顾行业规模层次和可交易活跃度。,159825.SZ,,2830824976.0,431615352.45,488399185.0,16.6023,1.57,-2.6247,19990429
600371.SH,万向德农,stock,fixed_representative,satellite_60s,60,农林牧渔,主板,SH,mid_cap,固定代表：申万一级「农林牧渔」中市值层；行业内流通市值第45/79、近20个交易日平均成交额第8/79，用于兼顾行业规模层次和可交易活跃度。,159825.SZ,,4175088060.0,1064601705.9,465024424.0,10.8631,0.39,-9.9685,20020916
600540.SH,新赛股份,stock,fixed_representative,satellite_60s,60,农林牧渔,主板,SH,small_cap,固定代表：申万一级「农林牧渔」小市值层；行业内流通市值第55/79、近20个交易日平均成交额第10/79，用于兼顾行业规模层次和可交易活跃度。,159825.SZ,,3278966280.0,754088246.25,952020633.0,28.2722,1.75,3.8674,20040107
600737.SH,中粮糖业,stock,fixed_representative,satellite_60s,60,农林牧渔,主板,SH,liquidity_anchor,固定代表：申万一级「农林牧渔」流动性锚；近20个交易日平均成交额行业第3/79，补充该行业最活跃且未重复的交易标的。,159825.SZ,,29943874800.0,1858391604.2,845327515.0,2.7929,0.76,-5.0847,19960731
601118.SH,海南橡胶,stock,fixed_representative,satellite_60s,60,农林牧渔,主板,SH,coverage_fill,覆盖加密：补足固定代表池至320只，并优先增加样本较少的申万一级「农林牧渔」；近20个交易日平均成交额行业第7/79。,159825.SZ,,25633772522.0,1197847504.1,838760727.0,3.2061,1.15,-7.5617,20110107
000513.SZ,丽珠集团,stock,dynamic_observer,satellite_60s,60,医药生物,主板,SZ,daily_gainer,动态异动（2026-09-28）：固定池外涨幅筛选第10，指标值10.01%；捕捉当日强势方向。动态席位应在下一交易日重算。,512010.SH,,17222555612.0,176808242.97,842849421.4,4.9225,4.64,10.0073,19931028
000710.SZ,贝瑞基因,stock,dynamic_observer,satellite_60s,60,医药生物,主板,SZ,turnover_rate,动态异动（2026-09-28）：固定池外换手率筛选第7，指标值20.38%；捕捉筹码交换活跃标的。动态席位应在下一交易日重算。,512010.SH,,3449221672.0,204485684.11,712439662.82,20.3761,1.68,-6.6303,19970422
000790.SZ,华神科技,stock,dynamic_observer,satellite_60s,60,医药生物,主板,SZ,turnover_rate,动态异动（2026-09-28）：固定池外换手率筛选第8，指标值20.36%；捕捉筹码交换活跃标的。动态席位应在下一交易日重算。,512010.SH,,2752080734.0,113265861.71,598560826.63,20.3637,3.06,-5.5556,19980327
603122.SH,合富中国,stock,dynamic_observer,satellite_60s,60,医药生物,主板,SH,turnover_rate,动态异动（2026-09-28）：固定池外换手率筛选第5，指标值22.81%；捕捉筹码交换活跃标的。动态席位应在下一交易日重算。,512010.SH,,5815548486.0,542606896.95,1353153293.0,22.8123,1.62,-2.1433,20220216
002172.SZ,澳洋健康,stock,fixed_representative,satellite_60s,60,医药生物,主板,SZ,small_cap,固定代表：申万一级「医药生物」小市值层；行业内流通市值第154/205、近20个交易日平均成交额第12/205，用于兼顾行业规模层次和可交易活跃度。,512010.SH,,3879263349.0,896890858.19,680080897.71,17.1794,0.68,-6.4576,20070921
002437.SZ,誉衡药业,stock,fixed_representative,satellite_60s,60,医药生物,主板,SZ,mid_cap,固定代表：申万一级「医药生物」中市值层；行业内流通市值第92/205、近20个交易日平均成交额第5/205，用于兼顾行业规模层次和可交易活跃度。,512010.SH,,7254233235.0,1492756155.6,537459814.95,7.4156,0.47,-1.4286,20100623
002821.SZ,凯莱英,stock,fixed_representative,satellite_60s,60,医药生物,主板,SZ,coverage_fill,覆盖加密：补足固定代表池至320只，并优先增加样本较少的申万一级「医药生物」；近20个交易日平均成交额行业第4/205。,512010.SH,,57205661830.0,1570895845.68,1203669364.15,2.1204,0.78,1.2507,20161118
600276.SH,恒瑞医药,stock,fixed_representative,satellite_60s,60,医药生物,主板,SH,liquidity_anchor,固定代表：申万一级「医药生物」流动性锚；近20个交易日平均成交额行业第3/205，补充该行业最活跃且未重复的交易标的。,512010.SH,,283674232281.0,2634728528.15,1654109658.0,0.5811,0.56,-0.8694,20001018
600479.SH,千金药业,stock,fixed_representative,satellite_60s,60,医药生物,主板,SH,mid_cap,固定代表：申万一级「医药生物」中市值层；行业内流通市值第125/205、近20个交易日平均成交额第8/205，用于兼顾行业规模层次和可交易活跃度。,512010.SH,,5093231407.0,1106019882.7,479406944.0,9.3636,0.5,-1.8548,20040312
600613.SH,神奇制药,stock,fixed_representative,satellite_60s,60,医药生物,主板,SH,small_cap,固定代表：申万一级「医药生物」小市值层；行业内流通市值第152/205、近20个交易日平均成交额第11/205，用于兼顾行业规模层次和可交易活跃度。,512010.SH,,3973562800.0,935517062.35,592222509.0,14.8385,0.66,0.4848,19920820
600664.SH,哈药股份,stock,fixed_representative,satellite_60s,60,医药生物,主板,SH,large_cap,固定代表：申万一级「医药生物」大市值层；行业内流通市值第38/205、近20个交易日平均成交额第2/205，用于兼顾行业规模层次和可交易活跃度。,512010.SH,,18460677567.0,3229302602.3,3426970037.0,18.1585,1.04,-9.9509,19930629
600721.SH,百花医药,stock,fixed_representative,satellite_60s,60,医药生物,主板,SH,mid_cap,固定代表：申万一级「医药生物」中市值层；行业内流通市值第134/205、近20个交易日平均成交额第6/205，用于兼顾行业规模层次和可交易活跃度。,512010.SH,,4683789768.0,1417481025.95,1231440169.0,26.0559,0.62,-5.7276,19960626
603127.SH,昭衍新药,stock,fixed_representative,satellite_60s,60,医药生物,主板,SH,coverage_fill,覆盖加密：补足固定代表池至320只，并优先增加样本较少的申万一级「医药生物」；近20个交易日平均成交额行业第7/205。,512010.SH,,28523446848.0,1378855650.45,1259882306.0,4.38,0.63,-2.0479,20170825
603259.SH,药明康德,stock,fixed_representative,core_15s,15,医药生物,主板,SH,large_cap,固定代表：申万一级「医药生物」大市值层；行业内流通市值第1/205、近20个交易日平均成交额第1/205，用于兼顾行业规模层次和可交易活跃度。 同时因固定池内近20日平均成交额居前，进入15秒核心采样层。,512010.SH,,400176736360.0,5392849021.05,5675753450.0,1.4156,0.93,-0.3695,20180508
000564.SZ,供销大集,stock,fixed_representative,satellite_60s,60,商贸零售,主板,SZ,coverage_fill,覆盖加密：补足固定代表池至320只，并优先增加样本较少的申万一级「商贸零售」；近20个交易日平均成交额行业第5/82。,,,21736626480.0,687208674.99,256567669.14,1.1751,0.86,-2.7027,19940110
000759.SZ,中百集团,stock,fixed_representative,satellite_60s,60,商贸零售,主板,SZ,mid_cap,固定代表：申万一级「商贸零售」中市值层；行业内流通市值第50/82、近20个交易日平均成交额第4/82，用于兼顾行业规模层次和可交易活跃度。,,,4052263080.0,926184852.53,308651799.19,7.5867,0.47,-3.2864,19970519
002640.SZ,跨境通,stock,fixed_representative,satellite_60s,60,商贸零售,主板,SZ,mid_cap,固定代表：申万一级「商贸零售」中市值层；行业内流通市值第31/82、近20个交易日平均成交额第9/82，用于兼顾行业规模层次和可交易活跃度。,,,6131116728.0,536056441.75,1049611658.61,17.282,1.09,10.0,20111208
600693.SH,东百集团,stock,fixed_representative,satellite_60s,60,商贸零售,主板,SH,large_cap,固定代表：申万一级「商贸零售」大市值层；行业内流通市值第21/82、近20个交易日平均成交额第2/82，用于兼顾行业规模层次和可交易活跃度。,,,8107329624.0,999054326.0,504545703.0,6.2054,0.82,-4.4057,19931122
600712.SH,南宁百货,stock,fixed_representative,satellite_60s,60,商贸零售,主板,SH,small_cap,固定代表：申万一级「商贸零售」小市值层；行业内流通市值第72/82、近20个交易日平均成交额第16/82，用于兼顾行业规模层次和可交易活跃度。,,,2892541908.0,266610173.0,100605671.0,3.4606,0.38,-3.5907,19960626
600785.SH,新华百货,stock,fixed_representative,satellite_60s,60,商贸零售,主板,SH,small_cap,固定代表：申万一级「商贸零售」小市值层；行业内流通市值第66/82、近20个交易日平均成交额第11/82，用于兼顾行业规模层次和可交易活跃度。,,,3307303386.0,502699884.35,163287175.0,4.9545,0.55,-0.6641,19970108
601086.SH,国芳集团,stock,fixed_representative,satellite_60s,60,商贸零售,主板,SH,large_cap,固定代表：申万一级「商贸零售」大市值层；行业内流通市值第16/82、近20个交易日平均成交额第1/82，用于兼顾行业规模层次和可交易活跃度。,,,10556100000.0,1190313231.7,1454370480.0,14.7053,1.1,3.4595,20170929
601888.SH,中国中免,stock,fixed_representative,satellite_60s,60,商贸零售,主板,SH,liquidity_anchor,固定代表：申万一级「商贸零售」流动性锚；近20个交易日平均成交额行业第3/82，补充该行业最活跃且未重复的交易标的。,,,99166230645.0,995762049.6,619440961.0,0.6233,0.91,-1.302,20091015
601933.SH,永辉超市,stock,fixed_representative,satellite_60s,60,商贸零售,主板,SH,coverage_fill,覆盖加密：补足固定代表池至320只，并优先增加样本较少的申万一级「商贸零售」；近20个交易日平均成交额行业第6/82。,,,26418110112.0,627208431.25,216448516.0,0.8181,0.73,-1.3333,20101215
603123.SH,翠微股份,stock,fixed_representative,satellite_60s,60,商贸零售,主板,SH,mid_cap,固定代表：申万一级「商贸零售」中市值层；行业内流通市值第33/82、近20个交易日平均成交额第8/82，用于兼顾行业规模层次和可交易活跃度。,,,6007461039.0,592162853.25,141252595.0,2.3307,0.41,-1.7076,20120503
002413.SZ,雷科防务,stock,dynamic_observer,satellite_60s,60,国防军工,主板,SZ,turnover_rate,动态异动（2026-09-28）：固定池外换手率筛选第4，指标值23.69%；捕捉筹码交换活跃标的。动态席位应在下一交易日重算。,512660.SH,,11892051990.0,550927784.54,2846523515.43,23.6852,3.96,2.3411,20100528
002625.SZ,光启技术,stock,dynamic_observer,satellite_60s,60,国防军工,主板,SZ,daily_loser,动态异动（2026-09-28）：固定池外跌幅筛选第4，指标值-10.01%；捕捉当日风险和弱势方向。动态席位应在下一交易日重算。,512660.SH,,48413238727.0,604771765.19,1090506217.07,2.1597,1.75,-10.012,20111103
000519.SZ,中兵红箭,stock,fixed_representative,satellite_60s,60,国防军工,主板,SZ,mid_cap,固定代表：申万一级「国防军工」中市值层；行业内流通市值第26/60、近20个交易日平均成交额第8/60，用于兼顾行业规模层次和可交易活跃度。,512660.SH,,20136403140.0,1092014470.94,418039776.58,2.0687,0.66,-2.2312,19931008
002297.SZ,博云新材,stock,fixed_representative,satellite_60s,60,国防军工,主板,SZ,mid_cap,固定代表：申万一级「国防军工」中市值层；行业内流通市值第35/60、近20个交易日平均成交额第2/60，用于兼顾行业规模层次和可交易活跃度。,512660.SH,,11679875824.0,2458950580.43,2154323898.81,17.8759,1.2,-9.3013,20090929
002519.SZ,银河电子,stock,fixed_representative,satellite_60s,60,国防军工,主板,SZ,small_cap,固定代表：申万一级「国防军工」小市值层；行业内流通市值第48/60、近20个交易日平均成交额第30/60，用于兼顾行业规模层次和可交易活跃度。,512660.SH,,6369929181.0,359636332.83,308993905.66,4.7697,0.9,-3.8983,20101207
600118.SH,中国卫星,stock,fixed_representative,satellite_60s,60,国防军工,主板,SH,coverage_fill,覆盖加密：补足固定代表池至320只，并优先增加样本较少的申万一级「国防军工」；近20个交易日平均成交额行业第7/60。,512660.SH,,66349463401.0,1167862202.3,1121260028.0,1.6811,0.82,-3.1083,19970908
600150.SH,中国船舶,stock,fixed_representative,satellite_60s,60,国防军工,主板,SH,large_cap,固定代表：申万一级「国防军工」大市值层；行业内流通市值第1/60、近20个交易日平均成交额第1/60，用于兼顾行业规模层次和可交易活跃度。,512660.SH,,286575659104.0,4981503944.2,3763788423.0,1.3054,1.0,-0.0263,19980520
600893.SH,航发动力,stock,fixed_representative,satellite_60s,60,国防军工,主板,SH,liquidity_anchor,固定代表：申万一级「国防军工」流动性锚；近20个交易日平均成交额行业第5/60，补充该行业最活跃且未重复的交易标的。,512660.SH,,103087027264.0,1307618994.75,1070391691.0,1.034,1.02,1.0185,19960408
600967.SH,内蒙一机,stock,fixed_representative,satellite_60s,60,国防军工,主板,SH,mid_cap,固定代表：申万一级「国防军工」中市值层；行业内流通市值第23/60、近20个交易日平均成交额第4/60，用于兼顾行业规模层次和可交易活跃度。,512660.SH,,21578756796.0,1360425859.85,538591441.0,2.4813,0.7,-2.2359,20040518
601606.SH,长城军工,stock,fixed_representative,satellite_60s,60,国防军工,主板,SH,large_cap,固定代表：申万一级「国防军工」大市值层；行业内流通市值第20/60、近20个交易日平均成交额第3/60，用于兼顾行业规模层次和可交易活跃度。,512660.SH,,22451080400.0,1385531275.55,475383688.0,2.1052,0.7,-2.8213,20180806
601890.SH,亚星锚链,stock,fixed_representative,satellite_60s,60,国防军工,主板,SH,small_cap,固定代表：申万一级「国防军工」小市值层；行业内流通市值第41/60、近20个交易日平均成交额第17/60，用于兼顾行业规模层次和可交易活跃度。,512660.SH,,8826480000.0,631841053.6,234533709.0,2.6421,0.49,-2.0234,20101228
603268.SH,松发股份,stock,fixed_representative,satellite_60s,60,国防军工,主板,SH,coverage_fill,覆盖加密：补足固定代表池至320只，并优先增加样本较少的申万一级「国防军工」；近20个交易日平均成交额行业第6/60。,512660.SH,,49437295110.0,1303864064.45,928812071.0,1.8653,0.51,-1.8296,20150319
603678.SH,火炬电子,stock,fixed_representative,satellite_60s,60,国防军工,主板,SH,coverage_fill,覆盖加密：补足固定代表池至320只，并优先增加样本较少的申万一级「国防军工」；近20个交易日平均成交额行业第9/60。,512660.SH,,20663368770.0,1058675209.25,1080659237.0,5.1343,1.17,-9.5734,20150126
002395.SZ,双象股份,stock,dynamic_observer,satellite_60s,60,基础化工,主板,SZ,volume_ratio,动态异动（2026-09-28）：固定池外量比筛选第10，指标值4.91；捕捉成交速度异常放大。动态席位应在下一交易日重算。,159870.SZ,,3749561820.0,93285588.88,438208562.22,11.2077,4.91,-0.4982,20100429
603968.SH,醋化股份,stock,dynamic_observer,satellite_60s,60,基础化工,主板,SH,daily_gainer,动态异动（2026-09-28）：固定池外涨幅筛选第3，指标值10.03%；捕捉当日强势方向。动态席位应在下一交易日重算。,159870.SZ,,2378102400.0,35948893.5,113396778.0,5.0003,2.46,10.0284,20150518
603970.SH,中农立华,stock,dynamic_observer,satellite_60s,60,基础化工,主板,SH,volume_ratio,动态异动（2026-09-28）：固定池外量比筛选第5，指标值6.89；捕捉成交速度异常放大。动态席位应在下一交易日重算。,159870.SZ,,3187969186.0,66306278.9,309547926.0,8.9782,6.89,-2.5472,20171116
605589.SH,圣泉集团,stock,dynamic_observer,satellite_60s,60,基础化工,主板,SH,daily_loser,动态异动（2026-09-28）：固定池外跌幅筛选第9，指标值-10.01%；捕捉当日风险和弱势方向。动态席位应在下一交易日重算。,159870.SZ,,30512298330.0,1143653365.45,1192059091.0,3.8091,1.0,-10.005,20210810
002407.SZ,多氟多,stock,fixed_representative,satellite_60s,60,基础化工,主板,SZ,liquidity_anchor,固定代表：申万一级「基础化工」流动性锚；近20个交易日平均成交额行业第3/259，补充该行业最活跃且未重复的交易标的。,159870.SZ,,32157319425.0,2386599117.52,1518153745.8,4.6731,0.89,-3.784,20100518
002886.SZ,沃特股份,stock,fixed_representative,satellite_60s,60,基础化工,主板,SZ,mid_cap,固定代表：申万一级「基础化工」中市值层；行业内流通市值第141/259、近20个交易日平均成交额第12/259，用于兼顾行业规模层次和可交易活跃度。,159870.SZ,,5055510876.0,1229695139.79,636004569.03,12.4046,0.76,-5.2136,20170627
002909.SZ,集泰股份,stock,fixed_representative,satellite_60s,60,基础化工,主板,SZ,small_cap,固定代表：申万一级「基础化工」小市值层；行业内流通市值第194/259、近20个交易日平均成交额第42/259，用于兼顾行业规模层次和可交易活跃度。,159870.SZ,,2837988404.0,545317222.77,126196165.4,4.2988,0.26,-10.0121,20171026
002971.SZ,和远气体,stock,fixed_representative,satellite_60s,60,基础化工,主板,SZ,mid_cap,固定代表：申万一级「基础化工」中市值层；行业内流通市值第123/259、近20个交易日平均成交额第24/259，用于兼顾行业规模层次和可交易活跃度。,159870.SZ,,6348407435.0,797991081.15,795269582.41,12.3599,0.8,-8.7057,20200113
600227.SH,赤天化,stock,fixed_representative,satellite_60s,60,基础化工,主板,SH,mid_cap,固定代表：申万一级「基础化工」中市值层；行业内流通市值第148/259、近20个交易日平均成交额第16/259，用于兼顾行业规模层次和可交易活跃度。,159870.SZ,,4803775248.0,1098693901.75,457531760.0,9.4608,0.65,-1.0526,20000221
600309.SH,万华化学,stock,fixed_representative,satellite_60s,60,基础化工,主板,SH,coverage_fill,覆盖加密：补足固定代表池至320只，并优先增加样本较少的申万一级「基础化工」；近20个交易日平均成交额行业第4/259。,159870.SZ,,217254729040.0,2291024430.1,1259915646.0,0.58,0.62,-0.072,20010105
600378.SH,昊华科技,stock,fixed_representative,satellite_60s,60,基础化工,主板,SH,large_cap,固定代表：申万一级「基础化工」大市值层；行业内流通市值第12/259、近20个交易日平均成交额第2/259，用于兼顾行业规模层次和可交易活跃度。,159870.SZ,,44961941568.0,3087702533.5,1544654377.0,3.3731,0.87,-7.0304,20010111
600722.SH,金牛化工,stock,fixed_representative,satellite_60s,60,基础化工,主板,SH,coverage_fill,覆盖加密：补足固定代表池至320只，并优先增加样本较少的申万一级「基础化工」；近20个交易日平均成交额行业第5/259。,159870.SZ,,10252417879.0,2277091519.55,1408278507.0,13.7189,0.85,-0.3307,19960626
600989.SH,宝丰能源,stock,fixed_representative,satellite_60s,60,基础化工,主板,SH,coverage_fill,覆盖加密：补足固定代表池至320只，并优先增加样本较少的申万一级「基础化工」；近20个交易日平均成交额行业第6/259。,159870.SZ,,164633932000.0,1607500795.65,1128444968.0,0.6865,1.04,0.5374,20190516
601208.SH,东材科技,stock,fixed_representative,satellite_60s,60,基础化工,主板,SH,large_cap,固定代表：申万一级「基础化工」大市值层；行业内流通市值第9/259、近20个交易日平均成交额第1/259，用于兼顾行业规模层次和可交易活跃度。,159870.SZ,,51317291320.0,3420977571.25,3676141643.0,7.0476,0.88,-9.9929,20110520
603330.SH,天洋新材,stock,fixed_representative,satellite_60s,60,基础化工,主板,SH,small_cap,固定代表：申万一级「基础化工」小市值层；行业内流通市值第175/259、近20个交易日平均成交额第37/259，用于兼顾行业规模层次和可交易活跃度。,159870.SZ,,3827171212.0,618106440.4,229365785.0,5.9327,0.63,-4.0775,20170213
002242.SZ,九阳股份,stock,dynamic_observer,satellite_60s,60,家用电器,主板,SZ,daily_gainer,动态异动（2026-09-28）：固定池外涨幅筛选第9，指标值10.01%；捕捉当日强势方向。动态席位应在下一交易日重算。,159328.SZ,,7869038648.0,157499443.85,251850891.93,3.233,1.3,10.0106,20080528
002614.SZ,奥佳华,stock,dynamic_observer,satellite_60s,60,家用电器,主板,SZ,turnover_rate,动态异动（2026-09-28）：固定池外换手率筛选第1，指标值42.87%；捕捉筹码交换活跃标的。动态席位应在下一交易日重算。,159328.SZ,,3750840050.0,201335795.64,1574292219.1,42.8692,4.25,2.0408,20110909
002959.SZ,小熊电器,stock,dynamic_observer,satellite_60s,60,家用电器,主板,SZ,volume_ratio,动态异动（2026-09-28）：固定池外量比筛选第1，指标值11.45；捕捉成交速度异常放大。动态席位应在下一交易日重算。,159328.SZ,,4722254832.0,22817108.4,165495608.85,3.5205,11.45,6.9664,20190823
000333.SZ,美的集团,stock,fixed_representative,satellite_60s,60,家用电器,主板,SZ,large_cap,固定代表：申万一级「家用电器」大市值层；行业内流通市值第1/66、近20个交易日平均成交额第1/66，用于兼顾行业规模层次和可交易活跃度。,159328.SZ,,564558077610.0,1971910036.53,2101953508.57,0.3727,0.82,-0.7864,20130918
000651.SZ,格力电器,stock,fixed_representative,satellite_60s,60,家用电器,主板,SZ,liquidity_anchor,固定代表：申万一级「家用电器」流动性锚；近20个交易日平均成交额行业第3/66，补充该行业最活跃且未重复的交易标的。,159328.SZ,,211695091200.0,1211332091.29,926076638.39,0.438,0.78,-0.2597,19961118
001326.SZ,联域股份,stock,fixed_representative,satellite_60s,60,家用电器,主板,SZ,small_cap,固定代表：申万一级「家用电器」小市值层；行业内流通市值第57/66、近20个交易日平均成交额第12/66，用于兼顾行业规模层次和可交易活跃度。,159328.SZ,,2487231588.0,281492648.43,447248511.4,17.8932,0.97,-5.9828,20231109
002011.SZ,盾安环境,stock,fixed_representative,satellite_60s,60,家用电器,主板,SZ,coverage_fill,覆盖加密：补足固定代表池至320只，并优先增加样本较少的申万一级「家用电器」；近20个交易日平均成交额行业第5/66。,159328.SZ,,13619243865.0,706520395.81,813753560.52,5.8388,1.57,-8.8778,20040705
002050.SZ,三花智控,stock,fixed_representative,satellite_60s,60,家用电器,主板,SZ,large_cap,固定代表：申万一级「家用电器」大市值层；行业内流通市值第3/66、近20个交易日平均成交额第2/66，用于兼顾行业规模层次和可交易活跃度。,159328.SZ,,130810634800.0,1439505990.86,1313143524.36,0.9955,0.77,-1.7738,20050607
002403.SZ,爱仕达,stock,fixed_representative,satellite_60s,60,家用电器,主板,SZ,small_cap,固定代表：申万一级「家用电器」小市值层；行业内流通市值第52/66、近20个交易日平均成交额第10/66，用于兼顾行业规模层次和可交易活跃度。,159328.SZ,,3111280905.0,289690667.38,253325366.27,8.2088,1.19,1.3553,20100511
002418.SZ,康盛股份,stock,fixed_representative,satellite_60s,60,家用电器,主板,SZ,mid_cap,固定代表：申万一级「家用电器」中市值层；行业内流通市值第36/66、近20个交易日平均成交额第4/66，用于兼顾行业规模层次和可交易活跃度。,159328.SZ,,4863792000.0,966760931.46,293599437.6,5.9921,0.97,-4.2506,20100601
600690.SH,海尔智家,stock,fixed_representative,satellite_60s,60,家用电器,主板,SH,coverage_fill,覆盖加密：补足固定代表池至320只，并优先增加样本较少的申万一级「家用电器」；近20个交易日平均成交额行业第6/66。,159328.SZ,,124558295904.0,674447584.45,539292668.0,0.4319,0.62,0.0993,19931119
603112.SH,华翔股份,stock,fixed_representative,satellite_60s,60,家用电器,主板,SH,mid_cap,固定代表：申万一级「家用电器」中市值层；行业内流通市值第23/66、近20个交易日平均成交额第14/66，用于兼顾行业规模层次和可交易活跃度。,159328.SZ,,8879813965.0,247866421.05,193489565.0,2.1539,0.84,-5.41,20200917
603366.SH,日出东方,stock,fixed_representative,satellite_60s,60,家用电器,主板,SH,mid_cap,固定代表：申万一级「家用电器」中市值层；行业内流通市值第31/66、近20个交易日平均成交额第11/66，用于兼顾行业规模层次和可交易活跃度。,159328.SZ,,5927120649.0,281979927.85,133095786.0,2.2317,0.78,-0.137,20120521
002080.SZ,中材科技,stock,fixed_representative,satellite_60s,60,建筑材料,主板,SZ,liquidity_anchor,固定代表：申万一级「建筑材料」流动性锚；近20个交易日平均成交额行业第3/58，补充该行业最活跃且未重复的交易标的。,159745.SZ,,88504238664.0,3392622533.6,2545481459.71,2.8199,0.49,-7.7972,20061120
002201.SZ,九鼎新材,stock,fixed_representative,satellite_60s,60,建筑材料,主板,SZ,mid_cap,固定代表：申万一级「建筑材料」中市值层；行业内流通市值第29/58、近20个交易日平均成交额第6/58，用于兼顾行业规模层次和可交易活跃度。,159745.SZ,,5616878322.0,642021116.0,323488196.99,5.7283,0.6,-5.4711,20071226
002457.SZ,青龙管业,stock,fixed_representative,satellite_60s,60,建筑材料,主板,SZ,mid_cap,固定代表：申万一级「建筑材料」中市值层；行业内流通市值第39/58、近20个交易日平均成交额第8/58，用于兼顾行业规模层次和可交易活跃度。,159745.SZ,,3625001516.0,385779907.47,140309061.98,3.8587,0.77,-1.9838,20100803
002613.SZ,北玻股份,stock,fixed_representative,satellite_60s,60,建筑材料,主板,SZ,small_cap,固定代表：申万一级「建筑材料」小市值层；行业内流通市值第51/58、近20个交易日平均成交额第20/58，用于兼顾行业规模层次和可交易活跃度。,159745.SZ,,2545380551.0,175399879.64,120370463.4,4.6642,0.49,-3.5191,20110830
002785.SZ,万里石,stock,fixed_representative,satellite_60s,60,建筑材料,主板,SZ,mid_cap,固定代表：申万一级「建筑材料」中市值层；行业内流通市值第24/58、近20个交易日平均成交额第12/58，用于兼顾行业规模层次和可交易活跃度。,159745.SZ,,7169219820.0,321101285.68,297300933.2,4.0932,0.7,-10.0,20151223
600176.SH,中国巨石,stock,fixed_representative,core_15s,15,建筑材料,主板,SH,large_cap,固定代表：申万一级「建筑材料」大市值层；行业内流通市值第1/58、近20个交易日平均成交额第1/58，用于兼顾行业规模层次和可交易活跃度。 同时因固定池内近20日平均成交额居前，进入15秒核心采样层。,159745.SZ,,155964221490.0,10720137679.65,8699119125.0,5.4295,0.87,-8.8017,19990422
600802.SH,福建水泥,stock,fixed_representative,satellite_60s,60,建筑材料,主板,SH,small_cap,固定代表：申万一级「建筑材料」小市值层；行业内流通市值第41/58、近20个交易日平均成交额第15/58，用于兼顾行业规模层次和可交易活跃度。,159745.SZ,,3336048352.0,223395620.95,604124688.0,18.6921,2.03,9.9698,19940103
603256.SH,宏和科技,stock,fixed_representative,satellite_60s,60,建筑材料,主板,SH,large_cap,固定代表：申万一级「建筑材料」大市值层；行业内流通市值第2/58、近20个交易日平均成交额第2/58，用于兼顾行业规模层次和可交易活跃度。,159745.SZ,,127139618520.0,3539991030.55,3609341524.0,2.7496,0.74,-7.5329,20190719
603601.SH,再升科技,stock,fixed_representative,satellite_60s,60,建筑材料,主板,SH,coverage_fill,覆盖加密：补足固定代表池至320只，并优先增加样本较少的申万一级「建筑材料」；近20个交易日平均成交额行业第4/58。,159745.SZ,,11606184560.0,1219096801.65,1422145126.0,12.092,0.95,-4.0604,20150122
605006.SH,山东玻纤,stock,fixed_representative,satellite_60s,60,建筑材料,主板,SH,coverage_fill,覆盖加密：补足固定代表池至320只，并优先增加样本较少的申万一级「建筑材料」；近20个交易日平均成交额行业第5/58。,159745.SZ,,9451074798.0,1112091444.2,482297690.0,5.0056,0.64,-8.7697,20200903
000628.SZ,高新发展,stock,fixed_representative,satellite_60s,60,建筑装饰,主板,SZ,coverage_fill,覆盖加密：补足固定代表池至320只，并优先增加样本较少的申万一级「建筑装饰」；近20个交易日平均成交额行业第4/92。,159635.SZ,,10525063350.0,669720222.04,466921129.87,4.4241,0.84,-5.244,19961118
000779.SZ,甘咨询,stock,fixed_representative,satellite_60s,60,建筑装饰,主板,SZ,small_cap,固定代表：申万一级「建筑装饰」小市值层；行业内流通市值第67/92、近20个交易日平均成交额第6/92，用于兼顾行业规模层次和可交易活跃度。,159635.SZ,,3885558292.0,485553963.07,169916961.9,4.3846,0.6,-2.5641,19970528
002081.SZ,金螳螂,stock,fixed_representative,satellite_60s,60,建筑装饰,主板,SZ,large_cap,固定代表：申万一级「建筑装饰」大市值层；行业内流通市值第20/92、近20个交易日平均成交额第2/92，用于兼顾行业规模层次和可交易活跃度。,159635.SZ,,12626140856.0,1449123057.57,799821054.22,6.2722,0.58,-4.2254,20061120
002163.SZ,海南发展,stock,fixed_representative,satellite_60s,60,建筑装饰,主板,SZ,mid_cap,固定代表：申万一级「建筑装饰」中市值层；行业内流通市值第45/92、近20个交易日平均成交额第14/92，用于兼顾行业规模层次和可交易活跃度。,159635.SZ,,5881977948.0,293687331.54,174088656.44,2.9466,0.59,-3.1746,20070823
003001.SZ,中岩大地,stock,fixed_representative,satellite_60s,60,建筑装饰,主板,SZ,small_cap,固定代表：申万一级「建筑装饰」小市值层；行业内流通市值第85/92、近20个交易日平均成交额第20/92，用于兼顾行业规模层次和可交易活跃度。,159635.SZ,,2267580330.0,228074726.43,389507058.43,16.7481,0.81,-6.019,20201013
600667.SH,太极实业,stock,fixed_representative,satellite_60s,60,建筑装饰,主板,SH,large_cap,固定代表：申万一级「建筑装饰」大市值层；行业内流通市值第10/92、近20个交易日平均成交额第1/92，用于兼顾行业规模层次和可交易活跃度。,159635.SZ,,37250366582.0,4154866599.65,2792735469.0,7.2955,0.65,-8.2432,19930728
601668.SH,中国建筑,stock,fixed_representative,satellite_60s,60,建筑装饰,主板,SH,liquidity_anchor,固定代表：申万一级「建筑装饰」流动性锚；近20个交易日平均成交额行业第3/92，补充该行业最活跃且未重复的交易标的。,159635.SZ,,174372047488.0,887440234.45,750058588.0,0.4293,0.98,-0.939,20090729
603163.SH,圣晖集成,stock,fixed_representative,satellite_60s,60,建筑装饰,主板,SH,mid_cap,固定代表：申万一级「建筑装饰」中市值层；行业内流通市值第33/92、近20个交易日平均成交额第19/92，用于兼顾行业规模层次和可交易活跃度。,159635.SZ,,7562000000.0,236676075.6,215062378.0,2.7722,1.12,-7.7805,20221013
603929.SH,亚翔集成,stock,fixed_representative,satellite_60s,60,建筑装饰,主板,SH,coverage_fill,覆盖加密：补足固定代表池至320只，并优先增加样本较少的申万一级「建筑装饰」；近20个交易日平均成交额行业第5/92。,159635.SZ,,30649164000.0,549437417.0,461603175.0,1.4801,0.91,-6.8418,20161230
605178.SH,时空科技,stock,fixed_representative,satellite_60s,60,建筑装饰,主板,SH,mid_cap,固定代表：申万一级「建筑装饰」中市值层；行业内流通市值第41/92、近20个交易日平均成交额第18/92，用于兼顾行业规模层次和可交易活跃度。,159635.SZ,,6390660000.0,242705589.75,274353409.0,4.246,0.82,-7.5269,20200821
600743.SH,华远控股,stock,dynamic_observer,satellite_60s,60,房地产,主板,SH,daily_loser,动态异动（2026-09-28）：固定池外跌幅筛选第1，指标值-10.16%；捕捉当日风险和弱势方向。动态席位应在下一交易日重算。,512200.SH,,5396032070.0,138676374.7,348103448.0,6.4032,1.6,-10.1563,19960909
000002.SZ,万科A,stock,fixed_representative,satellite_60s,60,房地产,主板,SZ,liquidity_anchor,固定代表：申万一级「房地产」流动性锚；近20个交易日平均成交额行业第4/85，补充该行业最活跃且未重复的交易标的。,512200.SH,,36043069972.0,1126038814.66,1678600240.58,4.6076,0.58,-1.3298,19910129
000560.SZ,我爱我家,stock,fixed_representative,satellite_60s,60,房地产,主板,SZ,mid_cap,固定代表：申万一级「房地产」中市值层；行业内流通市值第31/85、近20个交易日平均成交额第1/85，用于兼顾行业规模层次和可交易活跃度。,512200.SH,,8691372851.0,1604537034.13,2310346997.78,27.1145,1.34,1.3661,19940202
000608.SZ,阳光股份,stock,fixed_representative,satellite_60s,60,房地产,主板,SZ,small_cap,固定代表：申万一级「房地产」小市值层；行业内流通市值第58/85、近20个交易日平均成交额第27/85，用于兼顾行业规模层次和可交易活跃度。,512200.SH,,4037945100.0,185127673.36,122417234.8,3.0109,0.96,-2.6426,19960919
000620.SZ,盈新发展,stock,fixed_representative,satellite_60s,60,房地产,主板,SZ,coverage_fill,覆盖加密：补足固定代表池至320只，并优先增加样本较少的申万一级「房地产」；近20个交易日平均成交额行业第5/85。,512200.SH,,14202116352.0,1012527691.41,546284641.07,3.8157,0.48,-2.8754,19961029
002285.SZ,世联行,stock,fixed_representative,satellite_60s,60,房地产,主板,SZ,mid_cap,固定代表：申万一级「房地产」中市值层；行业内流通市值第46/85、近20个交易日平均成交额第8/85，用于兼顾行业规模层次和可交易活跃度。,512200.SH,,6451570644.0,521315375.45,1039504019.72,16.0295,0.94,0.0,20090828
600048.SH,保利发展,stock,fixed_representative,satellite_60s,60,房地产,主板,SH,large_cap,固定代表：申万一级「房地产」大市值层；行业内流通市值第1/85、近20个交易日平均成交额第3/85，用于兼顾行业规模层次和可交易活跃度。,512200.SH,,67154187474.0,1181309397.25,820036466.0,1.227,0.45,0.8993,20060731
600162.SH,香江控股,stock,fixed_representative,satellite_60s,60,房地产,主板,SH,coverage_fill,覆盖加密：补足固定代表池至320只，并优先增加样本较少的申万一级「房地产」；近20个交易日平均成交额行业第6/85。,512200.SH,,14348443259.0,797374500.25,409237239.0,2.9027,0.8,0.9195,19980609
600246.SH,万通发展,stock,fixed_representative,satellite_60s,60,房地产,主板,SH,large_cap,固定代表：申万一级「房地产」大市值层；行业内流通市值第8/85、近20个交易日平均成交额第2/85，用于兼顾行业规模层次和可交易活跃度。,512200.SH,,24405225375.0,1514358670.6,1527563083.0,6.0865,0.85,-9.9721,20000922
600503.SH,华丽家族,stock,fixed_representative,satellite_60s,60,房地产,主板,SH,small_cap,固定代表：申万一级「房地产」小市值层；行业内流通市值第60/85、近20个交易日平均成交额第25/85，用于兼顾行业规模层次和可交易活跃度。,512200.SH,,3925610500.0,198377538.05,607737256.0,15.4756,1.36,-7.5472,20020709
600657.SH,信达地产,stock,fixed_representative,satellite_60s,60,房地产,主板,SH,mid_cap,固定代表：申万一级「房地产」中市值层；行业内流通市值第30/85、近20个交易日平均成交额第13/85，用于兼顾行业规模层次和可交易活跃度。,512200.SH,,8755267302.0,312529599.5,121022259.0,1.3916,0.45,0.3268,19930524
000603.SZ,盛达资源,stock,fixed_representative,satellite_60s,60,有色金属,主板,SZ,mid_cap,固定代表：申万一级「有色金属」中市值层；行业内流通市值第46/110、近20个交易日平均成交额第22/110，用于兼顾行业规模层次和可交易活跃度。,512400.SH,,20041494984.0,1305224933.98,851754559.95,4.204,0.95,-6.4134,19960823
000657.SZ,中钨高新,stock,fixed_representative,satellite_60s,60,有色金属,主板,SZ,liquidity_anchor,固定代表：申万一级「有色金属」流动性锚；近20个交易日平均成交额行业第3/110，补充该行业最活跃且未重复的交易标的。,512400.SH,,77396319000.0,3410156819.64,2540931634.53,3.2285,0.8,-6.873,19961205
000737.SZ,北方铜业,stock,fixed_representative,satellite_60s,60,有色金属,主板,SZ,mid_cap,固定代表：申万一级「有色金属」中市值层；行业内流通市值第41/110、近20个交易日平均成交额第18/110，用于兼顾行业规模层次和可交易活跃度。,512400.SH,,24854280930.0,1555926412.25,990943340.26,3.9321,0.89,-6.5186,19970428
002428.SZ,云南锗业,stock,fixed_representative,satellite_60s,60,有色金属,主板,SZ,large_cap,固定代表：申万一级「有色金属」大市值层；行业内流通市值第17/110、近20个交易日平均成交额第2/110，用于兼顾行业规模层次和可交易活跃度。,512400.SH,,57314468275.0,4397860974.44,3528454217.08,6.1211,0.83,-4.2126,20100608
002716.SZ,湖南白银,stock,fixed_representative,satellite_60s,60,有色金属,主板,SZ,mid_cap,固定代表：申万一级「有色金属」中市值层；行业内流通市值第48/110、近20个交易日平均成交额第10/110，用于兼顾行业规模层次和可交易活跃度。,512400.SH,,19810717721.0,1843137067.79,992292129.07,4.956,0.94,-6.1606,20140128
002842.SZ,翔鹭钨业,stock,fixed_representative,satellite_60s,60,有色金属,主板,SZ,small_cap,固定代表：申万一级「有色金属」小市值层；行业内流通市值第83/110、近20个交易日平均成交额第35/110，用于兼顾行业规模层次和可交易活跃度。,512400.SH,,8271317301.0,916000629.63,506165009.9,6.0397,0.79,-6.2386,20170119
600362.SH,江西铜业,stock,fixed_representative,satellite_60s,60,有色金属,主板,SH,coverage_fill,覆盖加密：补足固定代表池至320只，并优先增加样本较少的申万一级「有色金属」；近20个交易日平均成交额行业第6/110。,512400.SH,,84919123608.0,2742512804.35,1296365043.0,1.5211,0.75,-3.4906,20020111
600547.SH,山东黄金,stock,fixed_representative,satellite_60s,60,有色金属,主板,SH,coverage_fill,覆盖加密：补足固定代表池至320只，并优先增加样本较少的申万一级「有色金属」；近20个交易日平均成交额行业第4/110。,512400.SH,,94553836728.0,2975158924.7,3716226173.0,3.8826,1.92,-10.0103,20030828
601899.SH,紫金矿业,stock,fixed_representative,core_15s,15,有色金属,主板,SH,large_cap,固定代表：申万一级「有色金属」大市值层；行业内流通市值第1/110、近20个交易日平均成交额第1/110，用于兼顾行业规模层次和可交易活跃度。 同时因固定池内近20日平均成交额居前，进入15秒核心采样层。,512400.SH,,606104753002.0,6149715054.4,4892448594.0,0.8082,1.12,-1.966,20080425
603124.SH,江南新材,stock,fixed_representative,satellite_60s,60,有色金属,主板,SH,small_cap,固定代表：申万一级「有色金属」小市值层；行业内流通市值第80/110、近20个交易日平均成交额第38/110，用于兼顾行业规模层次和可交易活跃度。,512400.SH,,9207508032.0,778726776.75,670359858.0,7.0261,0.74,-9.9985,20250320
603993.SH,洛阳钼业,stock,fixed_representative,satellite_60s,60,有色金属,主板,SH,coverage_fill,覆盖加密：补足固定代表池至320只，并优先增加样本较少的申万一级「有色金属」；近20个交易日平均成交额行业第5/110。,512400.SH,,293865974226.0,2803360750.0,1922467759.0,0.6569,0.88,-1.4637,20121009
002342.SZ,巨力索具,stock,dynamic_observer,satellite_60s,60,机械设备,主板,SZ,daily_gainer,动态异动（2026-09-28）：固定池外涨幅筛选第7，指标值10.01%；捕捉当日强势方向。动态席位应在下一交易日重算。,159886.SZ,,8286709200.0,466203837.92,2008963896.16,25.0055,4.09,10.0127,20100126
003036.SZ,泰坦股份,stock,dynamic_observer,satellite_60s,60,机械设备,主板,SZ,daily_loser,动态异动（2026-09-28）：固定池外跌幅筛选第6，指标值-10.01%；捕捉当日风险和弱势方向。动态席位应在下一交易日重算。,159886.SZ,,11024985810.0,508814662.05,449862432.65,3.9908,0.74,-10.0071,20210128
603278.SH,大业股份,stock,dynamic_observer,satellite_60s,60,机械设备,主板,SH,volume_ratio,动态异动（2026-09-28）：固定池外量比筛选第3，指标值8.56；捕捉成交速度异常放大。动态席位应在下一交易日重算。,159886.SZ,,3684166332.0,94518895.45,664094603.0,18.8941,8.56,10.0,20171113
000988.SZ,华工科技,stock,fixed_representative,satellite_60s,60,机械设备,主板,SZ,large_cap,固定代表：申万一级「机械设备」大市值层；行业内流通市值第4/235、近20个交易日平均成交额第1/235，用于兼顾行业规模层次和可交易活跃度。,159886.SZ,,93071725677.0,4889174838.38,5687972206.19,5.9339,1.43,-10.0,20000608
002008.SZ,大族激光,stock,fixed_representative,satellite_60s,60,机械设备,主板,SZ,large_cap,固定代表：申万一级「机械设备」大市值层；行业内流通市值第5/235、近20个交易日平均成交额第2/235，用于兼顾行业规模层次和可交易活跃度。,159886.SZ,,78451851800.0,4413507087.25,3747156298.0,4.6809,1.02,-7.9582,20040625
002131.SZ,利欧股份,stock,fixed_representative,satellite_60s,60,机械设备,主板,SZ,coverage_fill,覆盖加密：补足固定代表池至320只，并优先增加样本较少的申万一级「机械设备」；近20个交易日平均成交额行业第6/235。,159886.SZ,,24590147400.0,1708672772.01,714622822.77,2.8992,0.6,-2.5522,20070427
002353.SZ,杰瑞股份,stock,fixed_representative,satellite_60s,60,机械设备,主板,SZ,coverage_fill,覆盖加密：补足固定代表池至320只，并优先增加样本较少的申万一级「机械设备」；近20个交易日平均成交额行业第5/235。,159886.SZ,,76294183200.0,2060259694.45,1970513263.52,2.5713,0.96,-4.844,20100205
002757.SZ,南兴股份,stock,fixed_representative,satellite_60s,60,机械设备,主板,SZ,mid_cap,固定代表：申万一级「机械设备」中市值层；行业内流通市值第116/235、近20个交易日平均成交额第28/235，用于兼顾行业规模层次和可交易活跃度。,159886.SZ,,5334501572.0,472154896.22,443109085.5,8.2334,0.65,-3.2474,20150527
002837.SZ,英维克,stock,fixed_representative,satellite_60s,60,机械设备,主板,SZ,coverage_fill,覆盖加密：补足固定代表池至320只，并优先增加样本较少的申万一级「机械设备」；近20个交易日平均成交额行业第4/235。,159886.SZ,,61695226853.0,2959961547.39,1654487612.59,2.6411,0.83,-4.9983,20161229
600172.SH,黄河旋风,stock,fixed_representative,satellite_60s,60,机械设备,主板,SH,liquidity_anchor,固定代表：申万一级「机械设备」流动性锚；近20个交易日平均成交额行业第3/235，补充该行业最活跃且未重复的交易标的。,159886.SZ,,21190596900.0,3703143716.1,3846752065.0,17.7363,1.22,-2.3091,19981126
600545.SH,卓郎智能,stock,fixed_representative,satellite_60s,60,机械设备,主板,SH,mid_cap,固定代表：申万一级「机械设备」中市值层；行业内流通市值第85/235、近20个交易日平均成交额第33/235，用于兼顾行业规模层次和可交易活跃度。,159886.SZ,,7115890556.0,437330788.5,437773644.0,5.9466,0.98,-7.8704,20031203
600815.SH,厦工股份,stock,fixed_representative,satellite_60s,60,机械设备,主板,SH,mid_cap,固定代表：申万一级「机械设备」中市值层；行业内流通市值第81/235、近20个交易日平均成交额第31/235，用于兼顾行业规模层次和可交易活跃度。,159886.SZ,,7433455955.0,449335632.4,268289103.0,3.586,0.43,-9.8925,19940128
603082.SH,北自科技,stock,fixed_representative,satellite_60s,60,机械设备,主板,SH,small_cap,固定代表：申万一级「机械设备」小市值层；行业内流通市值第224/235、近20个交易日平均成交额第32/235，用于兼顾行业规模层次和可交易活跃度。,159886.SZ,,1732996337.0,446911143.5,289446041.0,16.2292,0.61,-8.5794,20240130
603270.SH,金帝股份,stock,fixed_representative,satellite_60s,60,机械设备,主板,SH,small_cap,固定代表：申万一级「机械设备」小市值层；行业内流通市值第163/235、近20个交易日平均成交额第30/235，用于兼顾行业规模层次和可交易活跃度。,159886.SZ,,3406056428.0,450357186.65,262065375.0,7.5527,1.04,-8.037,20230901
000678.SZ,襄阳轴承,stock,dynamic_observer,satellite_60s,60,汽车,主板,SZ,daily_gainer,动态异动（2026-09-28）：固定池外涨幅筛选第5，指标值10.02%；捕捉当日强势方向。动态席位应在下一交易日重算。,159512.SZ,,4894865670.0,107208945.27,369427226.98,7.612,3.11,10.0207,19970106
603767.SH,中马传动,stock,dynamic_observer,satellite_60s,60,汽车,主板,SH,volume_ratio,动态异动（2026-09-28）：固定池外量比筛选第4，指标值7.28；捕捉成交速度异常放大。动态席位应在下一交易日重算。,159512.SZ,,4632558815.0,71372181.9,469356646.0,9.9638,7.28,1.8318,20170613
603949.SH,雪龙集团,stock,dynamic_observer,satellite_60s,60,汽车,主板,SH,volume_ratio,动态异动（2026-09-28）：固定池外量比筛选第8，指标值6.17；捕捉成交速度异常放大。动态席位应在下一交易日重算。,159512.SZ,,3907716527.0,50305041.1,299115798.0,7.7955,6.17,10.0,20200310
000338.SZ,潍柴动力,stock,fixed_representative,satellite_60s,60,汽车,主板,SZ,large_cap,固定代表：申万一级「汽车」大市值层；行业内流通市值第3/200、近20个交易日平均成交额第2/200，用于兼顾行业规模层次和可交易活跃度。,159512.SZ,,122026383350.0,2252844742.0,1841024996.1,1.512,0.94,-2.6877,20070430
000572.SZ,海马汽车,stock,fixed_representative,satellite_60s,60,汽车,主板,SZ,mid_cap,固定代表：申万一级「汽车」中市值层；行业内流通市值第85/200、近20个交易日平均成交额第33/200，用于兼顾行业规模层次和可交易活跃度。,159512.SZ,,6503322276.0,397181536.16,487357356.19,7.5217,0.92,2.0619,19940808
000981.SZ,山子高科,stock,fixed_representative,satellite_60s,60,汽车,主板,SZ,coverage_fill,覆盖加密：补足固定代表池至320只，并优先增加样本较少的申万一级「汽车」；近20个交易日平均成交额行业第5/200。,159512.SZ,,25590927909.0,1347774755.0,1294767734.9,4.9853,0.75,-1.8248,20000622
001365.SZ,天海电子,stock,fixed_representative,satellite_60s,60,汽车,主板,SZ,small_cap,固定代表：申万一级「汽车」小市值层；行业内流通市值第187/200、近20个交易日平均成交额第59/200，用于兼顾行业规模层次和可交易活跃度。,159512.SZ,,2108155296.0,173344388.19,246711026.73,11.8836,0.72,1.5512,20260518
002328.SZ,新朋股份,stock,fixed_representative,satellite_60s,60,汽车,主板,SZ,mid_cap,固定代表：申万一级「汽车」中市值层；行业内流通市值第115/200、近20个交易日平均成交额第14/200，用于兼顾行业规模层次和可交易活跃度。,159512.SZ,,4713865534.0,732621339.93,511972438.65,10.7248,0.85,-5.6,20091230
002536.SZ,飞龙股份,stock,fixed_representative,satellite_60s,60,汽车,主板,SZ,large_cap,固定代表：申万一级「汽车」大市值层；行业内流通市值第25/200、近20个交易日平均成交额第1/200，用于兼顾行业规模层次和可交易活跃度。,159512.SZ,,25357505550.0,2975646105.55,1698668050.52,6.5479,0.93,-8.2297,20110111
002594.SZ,比亚迪,stock,fixed_representative,satellite_60s,60,汽车,主板,SZ,liquidity_anchor,固定代表：申万一级「汽车」流动性锚；近20个交易日平均成交额行业第3/200，补充该行业最活跃且未重复的交易标的。,159512.SZ,,290647176145.0,2248732297.86,1524934515.98,0.523,0.74,-1.1738,20110630
002976.SZ,瑞玛精密,stock,fixed_representative,satellite_60s,60,汽车,主板,SZ,small_cap,固定代表：申万一级「汽车」小市值层；行业内流通市值第166/200、近20个交易日平均成交额第43/200，用于兼顾行业规模层次和可交易活跃度。,159512.SZ,,2764474674.0,261581202.78,186144772.41,6.577,0.54,-6.4662,20200306
600418.SH,江淮汽车,stock,fixed_representative,satellite_60s,60,汽车,主板,SH,coverage_fill,覆盖加密：补足固定代表池至320只，并优先增加样本较少的申万一级「汽车」；近20个交易日平均成交额行业第4/200。,159512.SZ,,56850374204.0,1781890680.3,4392576724.0,7.9624,1.35,9.9869,20010824
600698.SH,湖南天雁,stock,fixed_representative,satellite_60s,60,汽车,主板,SH,mid_cap,固定代表：申万一级「汽车」中市值层；行业内流通市值第94/200、近20个交易日平均成交额第30/200，用于兼顾行业规模层次和可交易活跃度。,159512.SZ,,5796552866.0,431302866.2,177528586.0,3.0639,0.94,0.5764,19931206
000983.SZ,山西焦煤,stock,fixed_representative,satellite_60s,60,煤炭,主板,SZ,coverage_fill,覆盖加密：补足固定代表池至320只，并优先增加样本较少的申万一级「煤炭」；近20个交易日平均成交额行业第8/33。,515220.SH,,36787425264.0,512630988.26,281481715.66,0.7696,0.81,-0.7657,20000726
600121.SH,郑州煤电,stock,fixed_representative,satellite_60s,60,煤炭,主板,SH,small_cap,固定代表：申万一级「煤炭」小市值层；行业内流通市值第27/33、近20个交易日平均成交额第2/33，用于兼顾行业规模层次和可交易活跃度。,515220.SH,,6213901200.0,1058327403.9,997821833.0,16.7445,1.29,4.0816,19980107
600188.SH,兖矿能源,stock,fixed_representative,satellite_60s,60,煤炭,主板,SH,large_cap,固定代表：申万一级「煤炭」大市值层；行业内流通市值第4/33、近20个交易日平均成交额第4/33，用于兼顾行业规模层次和可交易活跃度。,515220.SH,,117200180320.0,932404852.85,456820507.0,0.3903,0.67,-0.5061,19980701
600403.SH,大有能源,stock,fixed_representative,satellite_60s,60,煤炭,主板,SH,mid_cap,固定代表：申万一级「煤炭」中市值层；行业内流通市值第15/33、近20个交易日平均成交额第3/33，用于兼顾行业规模层次和可交易活跃度。,515220.SH,,17476838644.0,951676430.3,942200281.0,5.4929,1.13,1.669,20031009
600508.SH,上海能源,stock,fixed_representative,satellite_60s,60,煤炭,主板,SH,mid_cap,固定代表：申万一级「煤炭」中市值层；行业内流通市值第19/33、近20个交易日平均成交额第10/33，用于兼顾行业规模层次和可交易活跃度。,515220.SH,,10674544860.0,443362130.65,116217131.0,1.0912,0.67,-1.9517,20010829
600792.SH,云煤能源,stock,fixed_representative,satellite_60s,60,煤炭,主板,SH,small_cap,固定代表：申万一级「煤炭」小市值层；行业内流通市值第28/33、近20个交易日平均成交额第6/33，用于兼顾行业规模层次和可交易活跃度。,515220.SH,,6104579800.0,674512328.7,884382167.0,14.5459,1.03,-3.5088,19970123
601088.SH,中国神华,stock,fixed_representative,satellite_60s,60,煤炭,主板,SH,large_cap,固定代表：申万一级「煤炭」大市值层；行业内流通市值第1/33、近20个交易日平均成交额第1/33，用于兼顾行业规模层次和可交易活跃度。,515220.SH,,798001328820.0,1172778688.5,1109202332.0,0.1399,1.19,0.7495,20071009
601101.SH,昊华能源,stock,fixed_representative,satellite_60s,60,煤炭,主板,SH,mid_cap,固定代表：申万一级「煤炭」中市值层；行业内流通市值第14/33、近20个交易日平均成交额第15/33，用于兼顾行业规模层次和可交易活跃度。,515220.SH,,18561572931.0,367926420.3,199889673.0,1.0836,0.95,-1.3017,20100331
601225.SH,陕西煤业,stock,fixed_representative,satellite_60s,60,煤炭,主板,SH,liquidity_anchor,固定代表：申万一级「煤炭」流动性锚；近20个交易日平均成交额行业第5/33，补充该行业最活跃且未重复的交易标的。,515220.SH,,250615750000.0,899783674.1,794426454.0,0.3186,1.08,0.0774,20140128
601898.SH,中煤能源,stock,fixed_representative,satellite_60s,60,煤炭,主板,SH,coverage_fill,覆盖加密：补足固定代表池至320只，并优先增加样本较少的申万一级「煤炭」；近20个交易日平均成交额行业第7/33。,515220.SH,,129775365672.0,566833137.05,569481680.0,0.4438,1.62,1.2134,20080201
000711.SZ,京蓝科技,stock,fixed_representative,satellite_60s,60,环保,主板,SZ,large_cap,固定代表：申万一级「环保」大市值层；行业内流通市值第14/63、近20个交易日平均成交额第2/63，用于兼顾行业规模层次和可交易活跃度。,512580.SH,,11077970030.0,639082598.61,242306655.2,2.1667,0.56,-2.4896,19970411
000890.SZ,法尔胜,stock,fixed_representative,satellite_60s,60,环保,主板,SZ,small_cap,固定代表：申万一级「环保」小市值层；行业内流通市值第51/63、近20个交易日平均成交额第4/63，用于兼顾行业规模层次和可交易活跃度。,512580.SH,,2944826820.0,450130499.42,131017925.0,4.4398,0.82,-4.4898,19990119
000967.SZ,盈峰环境,stock,fixed_representative,satellite_60s,60,环保,主板,SZ,liquidity_anchor,固定代表：申万一级「环保」流动性锚；近20个交易日平均成交额行业第5/63，补充该行业最活跃且未重复的交易标的。,512580.SH,,25484704674.0,435645137.11,534305575.3,2.0531,1.25,-6.8712,20000330
002266.SZ,浙富控股,stock,fixed_representative,satellite_60s,60,环保,主板,SZ,coverage_fill,覆盖加密：补足固定代表池至320只，并优先增加样本较少的申万一级「环保」；近20个交易日平均成交额行业第8/63。,512580.SH,,21936910956.0,322191774.44,259032212.76,1.1849,0.83,-1.3072,20080806
002645.SZ,华宏科技,stock,fixed_representative,satellite_60s,60,环保,主板,SZ,coverage_fill,覆盖加密：补足固定代表池至320只，并优先增加样本较少的申万一级「环保」；近20个交易日平均成交额行业第6/63。,512580.SH,,11604442310.0,347143424.93,432770624.96,3.6248,1.27,-6.2637,20111220
600769.SH,祥龙电业,stock,fixed_representative,satellite_60s,60,环保,主板,SH,mid_cap,固定代表：申万一级「环保」中市值层；行业内流通市值第29/63、近20个交易日平均成交额第12/63，用于兼顾行业规模层次和可交易活跃度。,512580.SH,,5440919172.0,170140155.1,172378261.0,3.1004,1.07,-7.6972,19961101
603200.SH,上海洗霸,stock,fixed_representative,satellite_60s,60,环保,主板,SH,mid_cap,固定代表：申万一级「环保」中市值层；行业内流通市值第24/63、近20个交易日平均成交额第7/63，用于兼顾行业规模层次和可交易活跃度。,512580.SH,,6487499297.0,335436958.95,146743395.0,2.253,0.84,-3.523,20170601
603588.SH,高能环境,stock,fixed_representative,satellite_60s,60,环保,主板,SH,large_cap,固定代表：申万一级「环保」大市值层；行业内流通市值第3/63、近20个交易日平均成交额第1/63，用于兼顾行业规模层次和可交易活跃度。,512580.SH,,25087672215.0,808611898.5,1069281386.0,4.2754,1.22,-4.3554,20141229
603686.SH,福龙马,stock,fixed_representative,satellite_60s,60,环保,主板,SH,mid_cap,固定代表：申万一级「环保」中市值层；行业内流通市值第26/63、近20个交易日平均成交额第3/63，用于兼顾行业规模层次和可交易活跃度。,512580.SH,,5961426240.0,485600394.9,483522100.0,8.0625,0.62,-3.1714,20150126
605069.SH,正和生态,stock,fixed_representative,satellite_60s,60,环保,主板,SH,small_cap,固定代表：申万一级「环保」小市值层；行业内流通市值第53/63、近20个交易日平均成交额第17/63，用于兼顾行业规模层次和可交易活跃度。,512580.SH,,2462045414.0,124725124.7,132573474.0,5.2414,0.69,-3.8843,20210816
600241.SH,时代万恒,stock,dynamic_observer,satellite_60s,60,电力设备,主板,SH,volume_ratio,动态异动（2026-09-28）：固定池外量比筛选第6，指标值6.75；捕捉成交速度异常放大。动态席位应在下一交易日重算。,516160.SH,,2366188884.0,28995675.1,144470308.0,6.2227,6.75,9.9863,20001128
601218.SH,吉鑫科技,stock,dynamic_observer,satellite_60s,60,电力设备,主板,SH,turnover_rate,动态异动（2026-09-28）：固定池外换手率筛选第3，指标值27.33%；捕捉筹码交换活跃标的。动态席位应在下一交易日重算。,516160.SH,,5862652675.0,501866717.75,1514983777.0,27.3259,1.76,10.0,20110506
603092.SH,德力佳,stock,dynamic_observer,satellite_60s,60,电力设备,主板,SH,turnover_rate,动态异动（2026-09-28）：固定池外换手率筛选第10，指标值18.21%；捕捉筹码交换活跃标的。动态席位应在下一交易日重算。,516160.SH,,1671195978.0,92395220.1,298516463.0,18.2085,2.4,5.4308,20251107
002028.SZ,思源电气,stock,fixed_representative,satellite_60s,60,电力设备,主板,SZ,coverage_fill,覆盖加密：补足固定代表池至320只，并优先增加样本较少的申万一级「电力设备」；近20个交易日平均成交额行业第6/178。,516160.SH,,73946548742.0,1629387413.22,1588619113.62,2.1452,1.09,-3.3142,20040805
002487.SZ,大金重工,stock,fixed_representative,satellite_60s,60,电力设备,主板,SZ,coverage_fill,覆盖加密：补足固定代表池至320只，并优先增加样本较少的申万一级「电力设备」；近20个交易日平均成交额行业第4/178。,516160.SH,,26107170257.0,2049579955.21,3228182078.43,12.8321,1.14,4.0483,20101015
002560.SZ,通达股份,stock,fixed_representative,satellite_60s,60,电力设备,主板,SZ,small_cap,固定代表：申万一级「电力设备」小市值层；行业内流通市值第132/178、近20个交易日平均成交额第40/178，用于兼顾行业规模层次和可交易活跃度。,516160.SH,,4116749000.0,443704476.76,250941561.54,6.0863,0.51,-4.4118,20110303
002580.SZ,圣阳股份,stock,fixed_representative,satellite_60s,60,电力设备,主板,SZ,mid_cap,固定代表：申万一级「电力设备」中市值层；行业内流通市值第80/178、近20个交易日平均成交额第10/178，用于兼顾行业规模层次和可交易活跃度。,516160.SH,,8237089548.0,1151147507.07,623993833.68,7.6318,0.94,-1.0326,20110506
002851.SZ,麦格米特,stock,fixed_representative,satellite_60s,60,电力设备,主板,SZ,liquidity_anchor,固定代表：申万一级「电力设备」流动性锚；近20个交易日平均成交额行业第3/178，补充该行业最活跃且未重复的交易标的。,516160.SH,,56740922140.0,3557691059.42,4468307309.24,7.6474,1.4,-5.8804,20170306
002980.SZ,华盛昌,stock,fixed_representative,satellite_60s,60,电力设备,主板,SZ,mid_cap,固定代表：申万一级「电力设备」中市值层；行业内流通市值第66/178、近20个交易日平均成交额第8/178，用于兼顾行业规模层次和可交易活跃度。,516160.SH,,10157040304.0,1403786406.44,837589510.36,8.0894,0.58,-7.2426,20200415
600110.SH,诺德股份,stock,fixed_representative,satellite_60s,60,电力设备,主板,SH,coverage_fill,覆盖加密：补足固定代表池至320只，并优先增加样本较少的申万一级「电力设备」；近20个交易日平均成交额行业第5/178。,516160.SH,,18878768192.0,1984476718.2,1358363279.0,7.0245,0.68,-8.4945,19971007
600869.SH,远东股份,stock,fixed_representative,core_15s,15,电力设备,主板,SH,large_cap,固定代表：申万一级「电力设备」大市值层；行业内流通市值第19/178、近20个交易日平均成交额第1/178，用于兼顾行业规模层次和可交易活跃度。 同时因固定池内近20日平均成交额居前，进入15秒核心采样层。,516160.SH,,40148090343.0,5838170120.25,2843454447.0,6.9283,0.71,-8.7746,19950206
601700.SH,风范股份,stock,fixed_representative,satellite_60s,60,电力设备,主板,SH,mid_cap,固定代表：申万一级「电力设备」中市值层；行业内流通市值第91/178、近20个交易日平均成交额第19/178，用于兼顾行业规模层次和可交易活跃度。,516160.SH,,6957807103.0,736710407.15,209256661.0,3.0076,0.51,-2.24,20110118
603248.SH,锡华科技,stock,fixed_representative,satellite_60s,60,电力设备,主板,SH,small_cap,固定代表：申万一级「电力设备」小市值层；行业内流通市值第175/178、近20个交易日平均成交额第61/178，用于兼顾行业规模层次和可交易活跃度。,516160.SH,,1658916000.0,258589205.05,603520495.0,38.1223,0.95,2.9281,20251223
603618.SH,杭电股份,stock,fixed_representative,satellite_60s,60,电力设备,主板,SH,large_cap,固定代表：申万一级「电力设备」大市值层；行业内流通市值第33/178、近20个交易日平均成交额第2/178，用于兼顾行业规模层次和可交易活跃度。,516160.SH,,23015893724.0,3979591490.5,1788442474.0,7.6502,0.72,-8.4182,20150217
002119.SZ,康强电子,stock,dynamic_observer,satellite_60s,60,电子,主板,SZ,turnover_rate,动态异动（2026-09-28）：固定池外换手率筛选第2，指标值33.71%；捕捉筹码交换活跃标的。动态席位应在下一交易日重算。,159997.SZ,,11149687640.0,1068524283.01,3646959346.9,33.7095,2.15,0.3377,20070302
002484.SZ,江海股份,stock,dynamic_observer,satellite_60s,60,电子,主板,SZ,daily_loser,动态异动（2026-09-28）：固定池外跌幅筛选第7，指标值-10.01%；捕捉当日风险和弱势方向。动态席位应在下一交易日重算。,159997.SZ,,42795715200.0,2406847356.16,2091266982.34,4.7662,1.16,-10.0069,20100929
600353.SH,旭光电子,stock,dynamic_observer,satellite_60s,60,电子,主板,SH,daily_loser,动态异动（2026-09-28）：固定池外跌幅筛选第5，指标值-10.01%；捕捉当日风险和弱势方向。动态席位应在下一交易日重算。,159997.SZ,,24292456272.0,1905956211.15,1445828491.0,5.7987,0.78,-10.0092,20021120
603052.SH,可川科技,stock,dynamic_observer,satellite_60s,60,电子,主板,SH,daily_loser,动态异动（2026-09-28）：固定池外跌幅筛选第8，指标值-10.01%；捕捉当日风险和弱势方向。动态席位应在下一交易日重算。,159997.SZ,,9885276953.0,267239386.55,245235215.0,2.4162,0.9,-10.0068,20221011
603773.SH,沃格光电,stock,dynamic_observer,satellite_60s,60,电子,主板,SH,turnover_rate,动态异动（2026-09-28）：固定池外换手率筛选第9，指标值19.39%；捕捉筹码交换活跃标的。动态席位应在下一交易日重算。,159997.SZ,,22465613214.0,2304904742.65,4446969849.0,19.385,1.2,2.3439,20180417
000636.SZ,风华高科,stock,fixed_representative,core_15s,15,电子,主板,SZ,coverage_fill,覆盖加密：补足固定代表池至320只，并优先增加样本较少的申万一级「电子」；近20个交易日平均成交额行业第5/170。 同时因固定池内近20日平均成交额居前，进入15秒核心采样层。,159997.SZ,,57856445800.0,6510580685.74,4798901189.47,8.0609,0.79,-9.9964,19961129
000725.SZ,京东方A,stock,fixed_representative,core_15s,15,电子,主板,SZ,coverage_fill,覆盖加密：补足固定代表池至320只，并优先增加样本较少的申万一级「电子」；近20个交易日平均成交额行业第4/170。 同时因固定池内近20日平均成交额居前，进入15秒核心采样层。,159997.SZ,,205129377780.0,6750498816.0,8247027889.46,3.9593,0.87,-0.8547,20010112
000823.SZ,超声电子,stock,fixed_representative,satellite_60s,60,电子,主板,SZ,mid_cap,固定代表：申万一级「电子」中市值层；行业内流通市值第71/170、近20个交易日平均成交额第21/170，用于兼顾行业规模层次和可交易活跃度。,159997.SZ,,13195596196.0,2847210603.28,3659096152.18,26.9198,0.9,-9.3954,19971008
002384.SZ,东山精密,stock,fixed_representative,core_15s,15,电子,主板,SZ,large_cap,固定代表：申万一级「电子」大市值层；行业内流通市值第7/170、近20个交易日平均成交额第2/170，用于兼顾行业规模层次和可交易活跃度。 同时因固定池内近20日平均成交额居前，进入15秒核心采样层。,159997.SZ,,233290215676.0,11031685023.63,10009354159.4,4.1697,1.0,-9.522,20100409
002463.SZ,沪电股份,stock,fixed_representative,core_15s,15,电子,主板,SZ,coverage_fill,覆盖加密：补足固定代表池至320只，并优先增加样本较少的申万一级「电子」；近20个交易日平均成交额行业第6/170。 同时因固定池内近20日平均成交额居前，进入15秒核心采样层。,159997.SZ,,225358219240.0,5792126838.32,4997113199.21,2.1907,0.85,-5.522,20100818
002579.SZ,中京电子,stock,fixed_representative,satellite_60s,60,电子,主板,SZ,mid_cap,固定代表：申万一级「电子」中市值层；行业内流通市值第88/170、近20个交易日平均成交额第30/170，用于兼顾行业规模层次和可交易活跃度。,159997.SZ,,10093482590.0,2179636738.94,1980713723.51,18.9869,0.83,-9.9896,20110506
002584.SZ,西陇科学,stock,fixed_representative,satellite_60s,60,电子,主板,SZ,small_cap,固定代表：申万一级「电子」小市值层；行业内流通市值第140/170、近20个交易日平均成交额第73/170，用于兼顾行业规模层次和可交易活跃度。,159997.SZ,,4123363801.0,651737343.36,614633065.94,14.7242,0.47,-2.5028,20110602
002815.SZ,崇达技术,stock,fixed_representative,satellite_60s,60,电子,主板,SZ,mid_cap,固定代表：申万一级「电子」中市值层；行业内流通市值第62/170、近20个交易日平均成交额第36/170，用于兼顾行业规模层次和可交易活跃度。,159997.SZ,,17268006360.0,1812581328.86,1350994800.89,7.6836,0.68,-6.7562,20161012
003026.SZ,中晶科技,stock,fixed_representative,satellite_60s,60,电子,主板,SZ,small_cap,固定代表：申万一级「电子」小市值层；行业内流通市值第132/170、近20个交易日平均成交额第78/170，用于兼顾行业规模层次和可交易活跃度。,159997.SZ,,4876963247.0,586343490.1,845662933.04,17.2029,0.59,-4.8383,20201218
600183.SH,生益科技,stock,fixed_representative,core_15s,15,电子,主板,SH,liquidity_anchor,固定代表：申万一级「电子」流动性锚；近20个交易日平均成交额行业第3/170，补充该行业最活跃且未重复的交易标的。 同时因固定池内近20日平均成交额居前，进入15秒核心采样层。,159997.SZ,,318230267355.0,9955219106.95,6066528475.0,1.8952,0.76,-3.9176,19981028
603986.SH,兆易创新,stock,fixed_representative,core_15s,15,电子,主板,SH,large_cap,固定代表：申万一级「电子」大市值层；行业内流通市值第6/170、近20个交易日平均成交额第1/170，用于兼顾行业规模层次和可交易活跃度。 同时因固定池内近20日平均成交额居前，进入15秒核心采样层。,159997.SZ,,240459227413.0,11263666210.25,10407944421.0,4.2482,0.82,-6.5821,20160818
000059.SZ,华锦股份,stock,fixed_representative,satellite_60s,60,石油石化,主板,SZ,mid_cap,固定代表：申万一级「石油石化」中市值层；行业内流通市值第19/39、近20个交易日平均成交额第12/39，用于兼顾行业规模层次和可交易活跃度。,561360.SH,,8988701060.0,409167001.22,197691004.77,2.2094,0.84,0.3571,19970130
000703.SZ,恒逸石化,stock,fixed_representative,satellite_60s,60,石油石化,主板,SZ,large_cap,固定代表：申万一级「石油石化」大市值层；行业内流通市值第7/39、近20个交易日平均成交额第2/39，用于兼顾行业规模层次和可交易活跃度。,561360.SH,,70609000330.0,1449535704.62,1158069084.27,1.6482,0.95,0.116,19970328
002377.SZ,国创高新,stock,fixed_representative,satellite_60s,60,石油石化,主板,SZ,small_cap,固定代表：申万一级「石油石化」小市值层；行业内流通市值第34/39、近20个交易日平均成交额第16/39，用于兼顾行业规模层次和可交易活跃度。,561360.SH,,2521374431.0,233595372.84,113355526.72,4.4517,0.65,-2.0339,20100323
600028.SH,中国石化,stock,fixed_representative,satellite_60s,60,石油石化,主板,SH,coverage_fill,覆盖加密：补足固定代表池至320只，并优先增加样本较少的申万一级「石油石化」；近20个交易日平均成交额行业第4/39。,561360.SH,,512046861003.0,1171166712.15,1214709112.0,0.2389,1.06,1.6917,20010808
600256.SH,广汇能源,stock,fixed_representative,satellite_60s,60,石油石化,主板,SH,coverage_fill,覆盖加密：补足固定代表池至320只，并优先增加样本较少的申万一级「石油石化」；近20个交易日平均成交额行业第5/39。,561360.SH,,43465620400.0,983010145.45,708473572.0,1.6323,0.91,-0.2933,20000526
600506.SH,统一股份,stock,fixed_representative,satellite_60s,60,石油石化,主板,SH,small_cap,固定代表：申万一级「石油石化」小市值层；行业内流通市值第27/39、近20个交易日平均成交额第13/39，用于兼顾行业规模层次和可交易活跃度。,561360.SH,,4086354702.0,395284213.25,470965973.0,11.2779,1.33,-9.956,20011226
600938.SH,中国海油,stock,fixed_representative,satellite_60s,60,石油石化,主板,SH,large_cap,固定代表：申万一级「石油石化」大市值层；行业内流通市值第5/39、近20个交易日平均成交额第1/39，用于兼顾行业规模层次和可交易活跃度。,561360.SH,,100165000000.0,1460693615.3,1364841620.0,1.3736,1.2,2.1341,20220421
601857.SH,中国石油,stock,fixed_representative,satellite_60s,60,石油石化,主板,SH,liquidity_anchor,固定代表：申万一级「石油石化」流动性锚；近20个交易日平均成交额行业第3/39，补充该行业最活跃且未重复的交易标的。,561360.SH,,1811908050582.0,1388747313.25,1807224555.0,0.1007,1.33,2.1918,20071105
603353.SH,和顺石油,stock,fixed_representative,satellite_60s,60,石油石化,主板,SH,mid_cap,固定代表：申万一级「石油石化」中市值层；行业内流通市值第21/39、近20个交易日平均成交额第10/39，用于兼顾行业规模层次和可交易活跃度。,561360.SH,,7094501340.0,455634359.15,359189847.0,5.0032,0.67,-5.7505,20200407
603619.SH,中曼石油,stock,fixed_representative,satellite_60s,60,石油石化,主板,SH,mid_cap,固定代表：申万一级「石油石化」中市值层；行业内流通市值第18/39、近20个交易日平均成交额第7/39，用于兼顾行业规模层次和可交易活跃度。,561360.SH,,9759965735.0,762594445.9,261578274.0,2.6881,0.63,-1.1241,20171117
000428.SZ,华天酒店,stock,fixed_representative,satellite_60s,60,社会服务,主板,SZ,mid_cap,固定代表：申万一级「社会服务」中市值层；行业内流通市值第28/49、近20个交易日平均成交额第6/49，用于兼顾行业规模层次和可交易活跃度。,159766.SZ,,3943243620.0,367055843.41,139906464.65,3.5258,0.61,-3.7313,19960808
000796.SZ,凯撒旅业,stock,fixed_representative,satellite_60s,60,社会服务,主板,SZ,coverage_fill,覆盖加密：补足固定代表池至320只，并优先增加样本较少的申万一级「社会服务」；近20个交易日平均成交额行业第8/49。,159766.SZ,,4657690800.0,309549863.83,124742817.29,2.6753,0.7,-2.507,19970703
000978.SZ,桂林旅游,stock,fixed_representative,satellite_60s,60,社会服务,主板,SZ,mid_cap,固定代表：申万一级「社会服务」中市值层；行业内流通市值第32/49、近20个交易日平均成交额第1/49，用于兼顾行业规模层次和可交易活跃度。,159766.SZ,,3333025792.0,708637974.16,479777711.24,14.2237,0.56,-9.9874,20000518
002059.SZ,云南旅游,stock,fixed_representative,satellite_60s,60,社会服务,主板,SZ,mid_cap,固定代表：申万一级「社会服务」中市值层；行业内流通市值第27/49、近20个交易日平均成交额第2/49，用于兼顾行业规模层次和可交易活跃度。,159766.SZ,,4169555372.0,557833686.52,184391554.89,4.3892,0.61,-4.1002,20060810
002607.SZ,中公教育,stock,fixed_representative,satellite_60s,60,社会服务,主板,SZ,coverage_fill,覆盖加密：补足固定代表池至320只，并优先增加样本较少的申万一级「社会服务」；近20个交易日平均成交额行业第9/49。,159766.SZ,,10467793248.0,268873795.11,208382407.79,1.9878,0.8,-2.6596,20110810
003032.SZ,传智教育,stock,fixed_representative,satellite_60s,60,社会服务,主板,SZ,small_cap,固定代表：申万一级「社会服务」小市值层；行业内流通市值第43/49、近20个交易日平均成交额第3/49，用于兼顾行业规模层次和可交易活跃度。,159766.SZ,,2489214000.0,522152622.95,327739704.71,13.1522,0.65,-2.7778,20210112
600593.SH,大连圣亚,stock,fixed_representative,satellite_60s,60,社会服务,主板,SH,large_cap,固定代表：申万一级「社会服务」大市值层；行业内流通市值第12/49、近20个交易日平均成交额第4/49，用于兼顾行业规模层次和可交易活跃度。,159766.SZ,,6383328000.0,382411646.75,592721024.0,9.3433,0.72,1.0398,20020711
600880.SH,博瑞传播,stock,fixed_representative,satellite_60s,60,社会服务,主板,SH,liquidity_anchor,固定代表：申万一级「社会服务」流动性锚；近20个交易日平均成交额行业第7/49，补充该行业最活跃且未重复的交易标的。,159766.SZ,,4459563216.0,324223838.1,132579384.0,2.943,0.35,-4.2254,19951115
603099.SH,长白山,stock,fixed_representative,satellite_60s,60,社会服务,主板,SH,large_cap,固定代表：申万一级「社会服务」大市值层；行业内流通市值第3/49、近20个交易日平均成交额第5/49，用于兼顾行业规模层次和可交易活跃度。,159766.SZ,,11057649540.0,369035249.85,452981918.0,4.0817,0.69,-2.7778,20140822
603402.SH,陕西旅游,stock,fixed_representative,satellite_60s,60,社会服务,主板,SH,small_cap,固定代表：申万一级「社会服务」小市值层；行业内流通市值第49/49、近20个交易日平均成交额第12/49，用于兼顾行业规模层次和可交易活跃度。,159766.SZ,,1495431350.0,241250078.55,78783372.0,5.2487,0.41,-1.8961,20260106
000850.SZ,华茂股份,stock,dynamic_observer,satellite_60s,60,纺织服饰,主板,SZ,volume_ratio,动态异动（2026-09-28）：固定池外量比筛选第2，指标值8.79；捕捉成交速度异常放大。动态席位应在下一交易日重算。,,,4848944416.0,108721611.14,1130074774.13,21.8585,8.79,0.3906,19981007
000017.SZ,深中华A,stock,fixed_representative,satellite_60s,60,纺织服饰,主板,SZ,mid_cap,固定代表：申万一级「纺织服饰」中市值层；行业内流通市值第50/82、近20个交易日平均成交额第1/82，用于兼顾行业规模层次和可交易活跃度。,,,3244449920.0,640305693.35,241856976.3,7.4133,0.51,-2.2576,19920331
002674.SZ,兴业科技,stock,fixed_representative,satellite_60s,60,纺织服饰,主板,SZ,coverage_fill,覆盖加密：补足固定代表池至320只，并优先增加样本较少的申万一级「纺织服饰」；近20个交易日平均成交额行业第8/82。,,,5704992150.0,256894301.35,181324066.73,3.1393,0.83,-4.5054,20120507
002721.SZ,金一文化,stock,fixed_representative,satellite_60s,60,纺织服饰,主板,SZ,large_cap,固定代表：申万一级「纺织服饰」大市值层；行业内流通市值第18/82、近20个交易日平均成交额第2/82，用于兼顾行业规模层次和可交易活跃度。,,,6808009216.0,369813590.17,100108530.0,1.4549,0.72,-3.7594,20140127
600448.SH,华纺股份,stock,fixed_representative,satellite_60s,60,纺织服饰,主板,SH,small_cap,固定代表：申万一级「纺织服饰」小市值层；行业内流通市值第74/82、近20个交易日平均成交额第14/82，用于兼顾行业规模层次和可交易活跃度。,,,1933546479.0,216917471.1,392443272.0,20.2383,0.72,-6.1162,20010903
600630.SH,龙头股份,stock,fixed_representative,satellite_60s,60,纺织服饰,主板,SH,mid_cap,固定代表：申万一级「纺织服饰」中市值层；行业内流通市值第46/82、近20个交易日平均成交额第6/82，用于兼顾行业规模层次和可交易活跃度。,,,3373401104.0,277493101.05,672839601.0,19.6659,1.03,-7.8886,19930209
600916.SH,中国黄金,stock,fixed_representative,satellite_60s,60,纺织服饰,主板,SH,coverage_fill,覆盖加密：补足固定代表池至320只，并优先增加样本较少的申万一级「纺织服饰」；近20个交易日平均成交额行业第7/82。,,,11928000000.0,265077315.05,129180738.0,1.0796,1.08,-1.9337,20210205
601566.SH,九牧王,stock,fixed_representative,satellite_60s,60,纺织服饰,主板,SH,liquidity_anchor,固定代表：申万一级「纺织服饰」流动性锚；近20个交易日平均成交额行业第5/82，补充该行业最活跃且未重复的交易标的。,,,5246437636.0,327874428.5,309704345.0,5.8437,1.37,-5.5843,20110530
603608.SH,天创时尚,stock,fixed_representative,satellite_60s,60,纺织服饰,主板,SH,large_cap,固定代表：申万一级「纺织服饰」大市值层；行业内流通市值第13/82、近20个交易日平均成交额第3/82，用于兼顾行业规模层次和可交易活跃度。,,,8190322319.0,350425820.0,265607042.0,3.1609,0.86,-5.2606,20160218
603900.SH,莱绅通灵,stock,fixed_representative,satellite_60s,60,纺织服饰,主板,SH,small_cap,固定代表：申万一级「纺织服饰」小市值层；行业内流通市值第71/82、近20个交易日平均成交额第10/82，用于兼顾行业规模层次和可交易活跃度。,,,2128314798.0,236111756.25,71826059.0,3.3749,0.57,-2.3585,20161123
603958.SH,哈森股份,stock,fixed_representative,satellite_60s,60,纺织服饰,主板,SH,mid_cap,固定代表：申万一级「纺织服饰」中市值层；行业内流通市值第38/82、近20个交易日平均成交额第4/82，用于兼顾行业规模层次和可交易活跃度。,,,3948480000.0,343114596.4,150151424.0,3.7568,0.53,-3.7433,20160629
000421.SZ,南京公用,stock,fixed_representative,satellite_60s,60,综合,主板,SZ,mid_cap,固定代表：申万一级「综合」中市值层；行业内流通市值第12/19、近20个交易日平均成交额第13/19，用于兼顾行业规模层次和可交易活跃度。,,,3232791040.0,48876776.59,21351737.1,0.6581,0.52,-1.0545,19960806
000523.SZ,红棉股份,stock,fixed_representative,satellite_60s,60,综合,主板,SZ,mid_cap,固定代表：申万一级「综合」中市值层；行业内流通市值第8/19、近20个交易日平均成交额第2/19，用于兼顾行业规模层次和可交易活跃度。,,,5707521558.0,632540088.04,356066922.22,6.1378,0.74,-3.3435,19931108
000753.SZ,漳州发展,stock,fixed_representative,satellite_60s,60,综合,主板,SZ,mid_cap,固定代表：申万一级「综合」中市值层；行业内流通市值第9/19、近20个交易日平均成交额第6/19，用于兼顾行业规模层次和可交易活跃度。,,,5472975672.0,244395483.13,692169209.62,12.7863,2.0,3.1776,19970626
000833.SZ,粤桂股份,stock,fixed_representative,satellite_60s,60,综合,主板,SZ,large_cap,固定代表：申万一级「综合」大市值层；行业内流通市值第3/19、近20个交易日平均成交额第3/19，用于兼顾行业规模层次和可交易活跃度。,,,8370888615.0,622985327.8,270697120.33,3.2193,0.77,-3.1496,19981111
002316.SZ,亚联发展,stock,fixed_representative,satellite_60s,60,综合,主板,SZ,small_cap,固定代表：申万一级「综合」小市值层；行业内流通市值第19/19、近20个交易日平均成交额第11/19，用于兼顾行业规模层次和可交易活跃度。,,,1485604600.0,72897252.88,62695758.8,4.2517,0.92,1.3953,20091209
002575.SZ,群兴玩具,stock,fixed_representative,satellite_60s,60,综合,主板,SZ,small_cap,固定代表：申万一级「综合」小市值层；行业内流通市值第14/19、近20个交易日平均成交额第9/19，用于兼顾行业规模层次和可交易活跃度。,,,2915784245.0,118023911.1,78638781.98,2.6838,0.56,-1.3834,20110422
600458.SH,时代新材,stock,fixed_representative,satellite_60s,60,综合,主板,SH,coverage_fill,覆盖加密：补足固定代表池至320只，并优先增加样本较少的申万一级「综合」；近20个交易日平均成交额行业第7/19。,,,9404408580.0,157516965.55,161628277.0,1.7184,1.17,-2.6103,20021219
600673.SH,东阳光,stock,fixed_representative,satellite_60s,60,综合,主板,SH,large_cap,固定代表：申万一级「综合」大市值层；行业内流通市值第1/19、近20个交易日平均成交额第1/19，用于兼顾行业规模层次和可交易活跃度。,,,90977219949.0,678567639.4,554215563.0,0.6062,0.84,-4.3547,19930917
600770.SH,综艺股份,stock,fixed_representative,satellite_60s,60,综合,主板,SH,liquidity_anchor,固定代表：申万一级「综合」流动性锚；近20个交易日平均成交额行业第4/19，补充该行业最活跃且未重复的交易标的。,,,7670000000.0,376788111.6,399696684.0,5.1759,0.78,-4.9919,19961120
600881.SH,亚泰集团,stock,fixed_representative,satellite_60s,60,综合,主板,SH,coverage_fill,覆盖加密：补足固定代表池至320只，并优先增加样本较少的申万一级「综合」；近20个交易日平均成交额行业第5/19。,,,6011800860.0,251176082.6,134252698.0,2.2518,0.5,0.5405,19951115
002094.SZ,青岛金王,stock,fixed_representative,satellite_60s,60,美容护理,主板,SZ,mid_cap,固定代表：申万一级「美容护理」中市值层；行业内流通市值第9/14、近20个交易日平均成交额第3/14，用于兼顾行业规模层次和可交易活跃度。,,,3493694710.0,266936514.39,169094841.71,4.8088,0.85,-0.1972,20061215
002511.SZ,中顺洁柔,stock,fixed_representative,satellite_60s,60,美容护理,主板,SZ,coverage_fill,覆盖加密：补足固定代表池至320只，并优先增加样本较少的申万一级「美容护理」；近20个交易日平均成交额行业第7/14。,,,8677926754.0,62249403.89,51334323.0,0.5922,0.99,-0.7236,20101125
003006.SZ,百亚股份,stock,fixed_representative,satellite_60s,60,美容护理,主板,SZ,large_cap,固定代表：申万一级「美容护理」大市值层；行业内流通市值第4/14、近20个交易日平均成交额第1/14，用于兼顾行业规模层次和可交易活跃度。,,,9638606770.0,658291011.62,1116580375.38,11.5447,1.04,-0.6625,20200921
600223.SH,福瑞达,stock,fixed_representative,satellite_60s,60,美容护理,主板,SH,mid_cap,固定代表：申万一级「美容护理」中市值层；行业内流通市值第6/14、近20个交易日平均成交额第11/14，用于兼顾行业规模层次和可交易活跃度。,,,5702950968.0,42275173.1,43287224.0,0.7578,0.98,0.1786,20000113
600249.SH,两面针,stock,fixed_representative,satellite_60s,60,美容护理,主板,SH,small_cap,固定代表：申万一级「美容护理」小市值层；行业内流通市值第11/14、近20个交易日平均成交额第8/14，用于兼顾行业规模层次和可交易活跃度。,,,2931500000.0,60373141.5,36004989.0,1.227,0.8,-0.5597,20040130
600315.SH,上海家化,stock,fixed_representative,satellite_60s,60,美容护理,主板,SH,coverage_fill,覆盖加密：补足固定代表池至320只，并优先增加样本较少的申万一级「美容护理」；近20个交易日平均成交额行业第5/14。,,,12066456700.0,137984993.35,88790702.0,0.7331,0.76,-0.9382,20010315
603193.SH,润本股份,stock,fixed_representative,satellite_60s,60,美容护理,主板,SH,small_cap,固定代表：申万一级「美容护理」小市值层；行业内流通市值第13/14、近20个交易日平均成交额第9/14，用于兼顾行业规模层次和可交易活跃度。,,,2087393260.0,56741152.95,31219423.0,1.502,0.62,0.0991,20231017
603605.SH,珀莱雅,stock,fixed_representative,satellite_60s,60,美容护理,主板,SH,large_cap,固定代表：申万一级「美容护理」大市值层；行业内流通市值第1/14、近20个交易日平均成交额第2/14，用于兼顾行业规模层次和可交易活跃度。,,,21651973148.0,283694708.35,295305433.0,1.3447,1.02,-3.1355,20171115
603630.SH,拉芳家化,stock,fixed_representative,satellite_60s,60,美容护理,主板,SH,mid_cap,固定代表：申万一级「美容护理」中市值层；行业内流通市值第10/14、近20个交易日平均成交额第6/14，用于兼顾行业规模层次和可交易活跃度。,,,3186645090.0,78874958.95,62256088.0,1.9576,0.79,-0.0706,20170313
603983.SH,丸美生物,stock,fixed_representative,satellite_60s,60,美容护理,主板,SH,liquidity_anchor,固定代表：申万一级「美容护理」流动性锚；近20个交易日平均成交额行业第4/14，补充该行业最活跃且未重复的交易标的。,,,12070100000.0,182022339.45,124209598.0,1.0108,0.82,-4.7167,20190725
000503.SZ,国新健康,stock,dynamic_observer,satellite_60s,60,计算机,主板,SZ,daily_gainer,动态异动（2026-09-28）：固定池外涨幅筛选第2，指标值10.06%；捕捉当日强势方向。动态席位应在下一交易日重算。,159998.SZ,,7285512120.0,93028561.72,362431751.97,5.0182,4.8,10.0592,19921130
002912.SZ,中新赛克,stock,dynamic_observer,satellite_60s,60,计算机,主板,SZ,daily_gainer,动态异动（2026-09-28）：固定池外涨幅筛选第6，指标值10.02%；捕捉当日强势方向。动态席位应在下一交易日重算。,159998.SZ,,4294037516.0,315982322.45,209587119.61,4.9104,0.32,10.0166,20171121
000066.SZ,中国长城,stock,fixed_representative,satellite_60s,60,计算机,主板,SZ,coverage_fill,覆盖加密：补足固定代表池至320只，并优先增加样本较少的申万一级「计算机」；近20个交易日平均成交额行业第6/107。,159998.SZ,,45674351568.0,1556499863.0,1600368531.31,3.4623,0.52,-4.3243,19970626
000815.SZ,美利云,stock,fixed_representative,satellite_60s,60,计算机,主板,SZ,mid_cap,固定代表：申万一级「计算机」中市值层；行业内流通市值第42/107、近20个交易日平均成交额第11/107，用于兼顾行业规模层次和可交易活跃度。,159998.SZ,,10136934540.0,687540743.34,390376662.64,3.8151,0.63,-4.5187,19980609
000938.SZ,紫光股份,stock,fixed_representative,satellite_60s,60,计算机,主板,SZ,large_cap,固定代表：申万一级「计算机」大市值层；行业内流通市值第4/107、近20个交易日平均成交额第2/107，用于兼顾行业规模层次和可交易活跃度。,159998.SZ,,89977887142.0,4853818399.95,3685585142.61,4.0529,1.03,-5.8084,19991104
000977.SZ,浪潮信息,stock,fixed_representative,core_15s,15,计算机,主板,SZ,large_cap,固定代表：申万一级「计算机」大市值层；行业内流通市值第3/107、近20个交易日平均成交额第1/107，用于兼顾行业规模层次和可交易活跃度。 同时因固定池内近20日平均成交额居前，进入15秒核心采样层。,159998.SZ,,98356697685.0,5851325748.03,2953550623.06,2.9735,0.91,-4.0773,20000608
002212.SZ,天融信,stock,fixed_representative,satellite_60s,60,计算机,主板,SZ,mid_cap,固定代表：申万一级「计算机」中市值层；行业内流通市值第50/107、近20个交易日平均成交额第9/107，用于兼顾行业规模层次和可交易活跃度。,159998.SZ,,8494662176.0,804036022.21,1387341374.93,16.335,1.5,5.0505,20080201
002415.SZ,海康威视,stock,fixed_representative,satellite_60s,60,计算机,主板,SZ,coverage_fill,覆盖加密：补足固定代表池至320只，并优先增加样本较少的申万一级「计算机」；近20个交易日平均成交额行业第5/107。,159998.SZ,,290922373392.0,1635219183.93,1240524884.5,0.4251,0.93,-1.4404,20100528
003005.SZ,竞业达,stock,fixed_representative,satellite_60s,60,计算机,主板,SZ,small_cap,固定代表：申万一级「计算机」小市值层；行业内流通市值第104/107、近20个交易日平均成交额第23/107，用于兼顾行业规模层次和可交易活跃度。,159998.SZ,,1988765454.0,402259079.65,155973420.85,7.8647,0.6,-0.202,20200922
600410.SH,华胜天成,stock,fixed_representative,satellite_60s,60,计算机,主板,SH,coverage_fill,覆盖加密：补足固定代表池至320只，并优先增加样本较少的申万一级「计算机」；近20个交易日平均成交额行业第4/107。,159998.SZ,,15943032938.0,1813903356.55,1000007225.0,6.1831,0.47,-6.1935,20040427
600589.SH,大位科技,stock,fixed_representative,satellite_60s,60,计算机,主板,SH,mid_cap,固定代表：申万一级「计算机」中市值层；行业内流通市值第38/107、近20个交易日平均成交额第12/107，用于兼顾行业规模层次和可交易活跃度。,159998.SZ,,10866753765.0,685768018.4,272545364.0,2.4878,0.57,-4.047,20010612
603019.SH,中科曙光,stock,fixed_representative,satellite_60s,60,计算机,主板,SH,liquidity_anchor,固定代表：申万一级「计算机」流动性锚；近20个交易日平均成交额行业第3/107，补充该行业最活跃且未重复的交易标的。,159998.SZ,,117073605086.0,1846674090.05,1786339315.0,1.5146,0.98,-2.6165,20141106
603138.SH,海量数据,stock,fixed_representative,satellite_60s,60,计算机,主板,SH,small_cap,固定代表：申万一级「计算机」小市值层；行业内流通市值第81/107、近20个交易日平均成交额第32/107，用于兼顾行业规模层次和可交易活跃度。,159998.SZ,,4440480660.0,340875809.65,392483150.0,9.1359,1.12,4.5485,20170306
002084.SZ,海鸥住工,stock,fixed_representative,satellite_60s,60,轻工制造,主板,SZ,mid_cap,固定代表：申万一级「轻工制造」中市值层；行业内流通市值第63/115、近20个交易日平均成交额第3/115，用于兼顾行业规模层次和可交易活跃度。,,,3738879520.0,711160004.48,514868603.86,13.3044,0.81,-9.9379,20061124
002565.SZ,顺灏股份,stock,fixed_representative,satellite_60s,60,轻工制造,主板,SZ,coverage_fill,覆盖加密：补足固定代表池至320只，并优先增加样本较少的申万一级「轻工制造」；近20个交易日平均成交额行业第5/115。,,,9041417856.0,576201823.14,922379417.5,10.1157,1.26,-2.8474,20110318
002631.SZ,德尔未来,stock,fixed_representative,satellite_60s,60,轻工制造,主板,SZ,liquidity_anchor,固定代表：申万一级「轻工制造」流动性锚；近20个交易日平均成交额行业第4/115，补充该行业最活跃且未重复的交易标的。,,,10310031801.0,619790583.25,820617887.16,7.7041,0.81,-6.748,20111111
002735.SZ,王子新材,stock,fixed_representative,satellite_60s,60,轻工制造,主板,SZ,mid_cap,固定代表：申万一级「轻工制造」中市值层；行业内流通市值第77/115、近20个交易日平均成交额第9/115，用于兼顾行业规模层次和可交易活跃度。,,,3058686289.0,383284139.12,212062742.8,6.8246,0.5,-5.7118,20141203
002787.SZ,华源控股,stock,fixed_representative,satellite_60s,60,轻工制造,主板,SZ,coverage_fill,覆盖加密：补足固定代表池至320只，并优先增加样本较少的申万一级「轻工制造」；近20个交易日平均成交额行业第6/115。,,,6229369152.0,473042476.38,314315875.0,4.9626,0.69,-4.7059,20151231
002790.SZ,瑞尔特,stock,fixed_representative,satellite_60s,60,轻工制造,主板,SZ,small_cap,固定代表：申万一级「轻工制造」小市值层；行业内流通市值第111/115、近20个交易日平均成交额第19/115，用于兼顾行业规模层次和可交易活跃度。,,,1668464000.0,188098277.16,109142350.34,6.5414,0.53,-1.3867,20160308
002918.SZ,蒙娜丽莎,stock,fixed_representative,satellite_60s,60,轻工制造,主板,SZ,small_cap,固定代表：申万一级「轻工制造」小市值层；行业内流通市值第98/115、近20个交易日平均成交额第14/115，用于兼顾行业规模层次和可交易活跃度。,,,2264146850.0,267734047.06,194586544.78,8.4654,0.91,0.0947,20171219
003018.SZ,金富科技,stock,fixed_representative,satellite_60s,60,轻工制造,主板,SZ,large_cap,固定代表：申万一级「轻工制造」大市值层；行业内流通市值第8/115、近20个交易日平均成交额第2/115，用于兼顾行业规模层次和可交易活跃度。,,,12791641536.0,894826592.58,471693535.78,3.5941,0.87,-7.299,20201106
600103.SH,青山纸业,stock,fixed_representative,satellite_60s,60,轻工制造,主板,SH,large_cap,固定代表：申万一级「轻工制造」大市值层；行业内流通市值第21/115、近20个交易日平均成交额第1/115，用于兼顾行业规模层次和可交易活跃度。,,,7566165180.0,1291353500.25,431244769.0,5.6682,0.62,-5.2632,19970703
603216.SH,梦天家居,stock,fixed_representative,satellite_60s,60,轻工制造,主板,SH,mid_cap,固定代表：申万一级「轻工制造」中市值层；行业内流通市值第48/115、近20个交易日平均成交额第16/115，用于兼顾行业规模层次和可交易活跃度。,,,4872457200.0,254683569.25,210830844.0,4.256,0.86,-6.175,20211215
002583.SZ,海能达,stock,dynamic_observer,satellite_60s,60,通信,主板,SZ,volume_ratio,动态异动（2026-09-28）：固定池外量比筛选第7，指标值6.29；捕捉成交速度异常放大。动态席位应在下一交易日重算。,515880.SH,,10855344942.0,174527225.55,789627988.8,7.1363,6.29,5.3549,20110527
002796.SZ,世嘉科技,stock,dynamic_observer,satellite_60s,60,通信,主板,SZ,daily_loser,动态异动（2026-09-28）：固定池外跌幅筛选第3，指标值-10.01%；捕捉当日风险和弱势方向。动态席位应在下一交易日重算。,515880.SH,,5986097088.0,349120652.52,304859714.0,4.9918,0.87,-10.0137,20160510
600498.SH,烽火通信,stock,dynamic_observer,satellite_60s,60,通信,主板,SH,daily_loser,动态异动（2026-09-28）：固定池外跌幅筛选第10，指标值-10.00%；捕捉当日风险和弱势方向。动态席位应在下一交易日重算。,515880.SH,,47011846855.0,3554818592.25,2708425696.0,5.6701,0.94,-10.0049,20010823
000070.SZ,特发信息,stock,fixed_representative,satellite_60s,60,通信,主板,SZ,mid_cap,固定代表：申万一级「通信」中市值层；行业内流通市值第18/51、近20个交易日平均成交额第13/51，用于兼顾行业规模层次和可交易活跃度。,515880.SH,,13835979550.0,1472807365.48,1069095501.16,7.5789,0.58,-9.9777,20000511
002104.SZ,恒宝股份,stock,fixed_representative,satellite_60s,60,通信,主板,SZ,small_cap,固定代表：申万一级「通信」小市值层；行业内流通市值第36/51、近20个交易日平均成交额第18/51，用于兼顾行业规模层次和可交易活跃度。,515880.SH,,6203816536.0,1028209125.2,267320785.54,4.2799,0.43,-3.1309,20070110
002281.SZ,光迅科技,stock,fixed_representative,core_15s,15,通信,主板,SZ,liquidity_anchor,固定代表：申万一级「通信」流动性锚；近20个交易日平均成交额行业第3/51，补充该行业最活跃且未重复的交易标的。 同时因固定池内近20日平均成交额居前，进入15秒核心采样层。,515880.SH,,128751673378.0,5726162761.13,6309946801.49,4.7813,1.34,-9.9951,20090821
002902.SZ,铭普光磁,stock,fixed_representative,satellite_60s,60,通信,主板,SZ,small_cap,固定代表：申万一级「通信」小市值层；行业内流通市值第40/51、近20个交易日平均成交额第20/51，用于兼顾行业规模层次和可交易活跃度。,515880.SH,,4766193648.0,778318314.15,551581771.41,11.3911,0.59,-8.2556,20170929
003040.SZ,楚天龙,stock,fixed_representative,satellite_60s,60,通信,主板,SZ,mid_cap,固定代表：申万一级「通信」中市值层；行业内流通市值第34/51、近20个交易日平均成交额第11/51，用于兼顾行业规模层次和可交易活跃度。,515880.SH,,6418746715.0,1519504071.04,561849518.64,8.7218,0.47,-3.1034,20210322
600105.SH,永鼎股份,stock,fixed_representative,core_15s,15,通信,主板,SH,coverage_fill,覆盖加密：补足固定代表池至320只，并优先增加样本较少的申万一级「通信」；近20个交易日平均成交额行业第5/51。 同时因固定池内近20日平均成交额居前，进入15秒核心采样层。,515880.SH,,55965160944.0,5297848258.95,3727708423.0,6.5362,0.78,-9.9929,19970929
600487.SH,亨通光电,stock,fixed_representative,core_15s,15,通信,主板,SH,large_cap,固定代表：申万一级「通信」大市值层；行业内流通市值第3/51、近20个交易日平均成交额第1/51，用于兼顾行业规模层次和可交易活跃度。 同时因固定池内近20日平均成交额居前，进入15秒核心采样层。,515880.SH,,148789111632.0,10853219913.8,7082822047.0,4.6992,0.65,-10.003,20030822
600522.SH,中天科技,stock,fixed_representative,core_15s,15,通信,主板,SH,large_cap,固定代表：申万一级「通信」大市值层；行业内流通市值第7/51、近20个交易日平均成交额第2/51，用于兼顾行业规模层次和可交易活跃度。 同时因固定池内近20日平均成交额居前，进入15秒核心采样层。,515880.SH,,106893584604.0,6947113432.7,7537635667.0,6.8947,1.06,-10.0,20021024
601869.SH,长飞光纤,stock,fixed_representative,core_15s,15,通信,主板,SH,coverage_fill,覆盖加密：补足固定代表池至320只，并优先增加样本较少的申万一级「通信」；近20个交易日平均成交额行业第4/51。 同时因固定池内近20日平均成交额居前，进入15秒核心采样层。,515880.SH,,160186684626.0,5670553207.75,5242426822.0,3.1905,1.12,-9.9954,20180720
603083.SH,剑桥科技,stock,fixed_representative,satellite_60s,60,通信,主板,SH,coverage_fill,覆盖加密：补足固定代表池至320只，并优先增加样本较少的申万一级「通信」；近20个交易日平均成交额行业第6/51。,515880.SH,,54392882508.0,4967692233.4,3787108446.0,6.7912,0.97,-5.8484,20171110
603118.SH,共进股份,stock,fixed_representative,satellite_60s,60,通信,主板,SH,mid_cap,固定代表：申万一级「通信」中市值层；行业内流通市值第19/51、近20个交易日平均成交额第12/51，用于兼顾行业规模层次和可交易活跃度。,515880.SH,,12982187836.0,1490275749.5,1014304193.0,7.7263,0.67,-7.1509,20150225
000778.SZ,新兴铸管,stock,fixed_representative,satellite_60s,60,钢铁,主板,SZ,mid_cap,固定代表：申万一级「钢铁」中市值层；行业内流通市值第18/41、近20个交易日平均成交额第10/41，用于兼顾行业规模层次和可交易活跃度。,515210.SH,,13627079550.0,193810761.11,198237038.39,1.4491,1.65,-1.9608,19970606
000923.SZ,河钢资源,stock,fixed_representative,satellite_60s,60,钢铁,主板,SZ,mid_cap,固定代表：申万一级「钢铁」中市值层；行业内流通市值第21/41、近20个交易日平均成交额第5/41，用于兼顾行业规模层次和可交易活跃度。,515210.SH,,9443637056.0,318090774.03,167235868.41,1.7532,0.92,-4.5079,19990714
000932.SZ,华菱钢铁,stock,fixed_representative,satellite_60s,60,钢铁,主板,SZ,coverage_fill,覆盖加密：补足固定代表池至320只，并优先增加样本较少的申万一级「钢铁」；近20个交易日平均成交额行业第6/41。,515210.SH,,23298871280.0,288437067.44,190456513.1,0.8166,0.79,-1.4493,19990803
001203.SZ,大中矿业,stock,fixed_representative,satellite_60s,60,钢铁,主板,SZ,liquidity_anchor,固定代表：申万一级「钢铁」流动性锚；近20个交易日平均成交额行业第4/41，补充该行业最活跃且未重复的交易标的。,515210.SH,,28469897480.0,350046183.04,350093457.22,1.2165,1.21,-5.6685,20210510
002443.SZ,金洲管道,stock,fixed_representative,satellite_60s,60,钢铁,主板,SZ,small_cap,固定代表：申万一级「钢铁」小市值层；行业内流通市值第33/41、近20个交易日平均成交额第3/41，用于兼顾行业规模层次和可交易活跃度。,515210.SH,,6465050910.0,438994326.35,408116905.34,6.3049,0.69,-3.9443,20100706
002478.SZ,常宝股份,stock,fixed_representative,satellite_60s,60,钢铁,主板,SZ,small_cap,固定代表：申万一级「钢铁」小市值层；行业内流通市值第37/41、近20个交易日平均成交额第11/41，用于兼顾行业规模层次和可交易活跃度。,515210.SH,,4653056819.0,169497531.77,151346367.32,3.2155,1.29,-4.6131,20100921
600010.SH,包钢股份,stock,fixed_representative,satellite_60s,60,钢铁,主板,SH,large_cap,固定代表：申万一级「钢铁」大市值层；行业内流通市值第3/41、近20个交易日平均成交额第1/41，用于兼顾行业规模层次和可交易活跃度。,515210.SH,,64515516514.0,625745850.35,478959315.0,0.7415,0.84,-1.4354,20010309
600019.SH,宝钢股份,stock,fixed_representative,satellite_60s,60,钢铁,主板,SH,large_cap,固定代表：申万一级「钢铁」大市值层；行业内流通市值第1/41、近20个交易日平均成交额第2/41，用于兼顾行业规模层次和可交易活跃度。,515210.SH,,124201755060.0,509599740.0,455309231.0,0.3649,1.02,-0.6849,20001212
600516.SH,方大炭素,stock,fixed_representative,satellite_60s,60,钢铁,主板,SH,coverage_fill,覆盖加密：补足固定代表池至320只，并优先增加样本较少的申万一级「钢铁」；近20个交易日平均成交额行业第7/41。,515210.SH,,21297383416.0,281900872.1,191232438.0,0.8979,0.53,-2.3985,20020830
600808.SH,马钢股份,stock,fixed_representative,satellite_60s,60,钢铁,主板,SH,mid_cap,固定代表：申万一级「钢铁」中市值层；行业内流通市值第17/41、近20个交易日平均成交额第15/41，用于兼顾行业规模层次和可交易活跃度。,515210.SH,,14262925368.0,155585885.2,132876690.0,0.9252,0.78,-1.6461,19940106
600016.SH,民生银行,stock,fixed_representative,satellite_60s,60,银行,主板,SH,mid_cap,固定代表：申万一级「银行」中市值层；行业内流通市值第16/42、近20个交易日平均成交额第12/42，用于兼顾行业规模层次和可交易活跃度。,512800.SH,,121989703808.0,944425786.3,628819777.0,0.5139,0.77,-0.578,20001219
600036.SH,招商银行,stock,fixed_representative,satellite_60s,60,银行,主板,SH,large_cap,固定代表：申万一级「银行」大市值层；行业内流通市值第4/42、近20个交易日平均成交额第1/42，用于兼顾行业规模层次和可交易活跃度。,512800.SH,,838360300416.0,2648875705.4,2212107699.0,0.2637,1.14,-0.1229,20020409
601128.SH,常熟银行,stock,fixed_representative,satellite_60s,60,银行,主板,SH,small_cap,固定代表：申万一级「银行」小市值层；行业内流通市值第29/42、近20个交易日平均成交额第25/42，用于兼顾行业规模层次和可交易活跃度。,512800.SH,,22399820288.0,330754800.6,314585834.0,1.4048,1.29,-0.4862,20160930
601166.SH,兴业银行,stock,fixed_representative,satellite_60s,60,银行,主板,SH,coverage_fill,覆盖加密：补足固定代表池至320只，并优先增加样本较少的申万一级「银行」；近20个交易日平均成交额行业第5/42。,512800.SH,,376064013315.0,1404536998.3,1117799988.0,0.2966,1.11,-0.6152,20070205
601169.SH,北京银行,stock,fixed_representative,satellite_60s,60,银行,主板,SH,mid_cap,固定代表：申万一级「银行」中市值层；行业内流通市值第18/42、近20个交易日平均成交额第7/42，用于兼顾行业规模层次和可交易活跃度。,512800.SH,,115229264435.0,1159868156.45,786792018.0,0.6805,1.04,-0.7286,20070919
601288.SH,农业银行,stock,fixed_representative,satellite_60s,60,银行,主板,SH,liquidity_anchor,固定代表：申万一级「银行」流动性锚；近20个交易日平均成交额行业第3/42，补充该行业最活跃且未重复的交易标的。,512800.SH,,2190015286088.0,2049631899.8,2190898402.0,0.0994,1.1,-0.1456,20100715
601328.SH,交通银行,stock,fixed_representative,satellite_60s,60,银行,主板,SH,coverage_fill,覆盖加密：补足固定代表池至320只，并优先增加样本较少的申万一级「银行」；近20个交易日平均成交额行业第6/42。,512800.SH,,197889816329.0,1267298903.5,1635494103.0,0.8285,1.49,0.3968,20070515
601398.SH,工商银行,stock,fixed_representative,satellite_60s,60,银行,主板,SH,large_cap,固定代表：申万一级「银行」大市值层；行业内流通市值第1/42、近20个交易日平均成交额第2/42，用于兼顾行业规模层次和可交易活跃度。,512800.SH,,2197339531875.0,2264155535.7,2444282076.0,0.1109,1.21,0.246,20061027
601939.SH,建设银行,stock,fixed_representative,satellite_60s,60,银行,主板,SH,mid_cap,固定代表：申万一级「银行」中市值层；行业内流通市值第19/42、近20个交易日平均成交额第9/42，用于兼顾行业规模层次和可交易活跃度。,512800.SH,,105530233600.0,1113328465.45,1089676649.0,1.0293,1.06,0.1821,20070925
601988.SH,中国银行,stock,fixed_representative,satellite_60s,60,银行,主板,SH,coverage_fill,覆盖加密：补足固定代表池至320只，并优先增加样本较少的申万一级「银行」；近20个交易日平均成交额行业第4/42。,512800.SH,,1397375363124.0,1622233054.65,1729334431.0,0.1236,1.17,0.1511,20060705
601997.SH,贵阳银行,stock,fixed_representative,satellite_60s,60,银行,主板,SH,small_cap,固定代表：申万一级「银行」小市值层；行业内流通市值第31/42、近20个交易日平均成交额第27/42，用于兼顾行业规模层次和可交易活跃度。,512800.SH,,19999403607.0,267376226.9,190575169.0,0.9522,1.02,-0.5455,20160816
000712.SZ,锦龙股份,stock,fixed_representative,satellite_60s,60,非银金融,主板,SZ,small_cap,固定代表：申万一级「非银金融」小市值层；行业内流通市值第68/73、近20个交易日平均成交额第4/73，用于兼顾行业规模层次和可交易活跃度。,512070.SH,,8733407475.0,1219676384.57,325741827.87,3.7007,0.63,-2.3046,19970415
000776.SZ,广发证券,stock,fixed_representative,satellite_60s,60,非银金融,主板,SZ,coverage_fill,覆盖加密：补足固定代表池至320只，并优先增加样本较少的申万一级「非银金融」；近20个交易日平均成交额行业第5/73。,512070.SH,,116959216633.0,1088752085.83,828220122.71,0.7018,0.98,-2.7491,19970611
002670.SZ,国盛证券,stock,fixed_representative,satellite_60s,60,非银金融,主板,SZ,small_cap,固定代表：申万一级「非银金融」小市值层；行业内流通市值第51/73、近20个交易日平均成交额第19/73，用于兼顾行业规模层次和可交易活跃度。,512070.SH,,17905557118.0,405094304.23,216486927.54,1.2077,1.24,-3.9199,20120416
600030.SH,中信证券,stock,fixed_representative,satellite_60s,60,非银金融,主板,SH,large_cap,固定代表：申万一级「非银金融」大市值层；行业内流通市值第3/73、近20个交易日平均成交额第2/73，用于兼顾行业规模层次和可交易活跃度。,512070.SH,,315859732266.0,2517810603.25,2171584665.0,0.6866,1.18,-1.3313,20030106
600095.SH,湘财股份,stock,fixed_representative,satellite_60s,60,非银金融,主板,SH,mid_cap,固定代表：申万一级「非银金融」中市值层；行业内流通市值第43/73、近20个交易日平均成交额第14/73，用于兼顾行业规模层次和可交易活跃度。,512070.SH,,24360279204.0,663336725.35,343978435.0,1.4041,0.72,-3.4014,19970708
601099.SH,太平洋,stock,fixed_representative,satellite_60s,60,非银金融,主板,SH,mid_cap,固定代表：申万一级「非银金融」中市值层；行业内流通市值第44/73、近20个交易日平均成交额第17/73，用于兼顾行业规模层次和可交易活跃度。,512070.SH,,23379965252.0,456099634.75,333202466.0,1.4218,0.65,-2.5568,20071228
601162.SH,天风证券,stock,fixed_representative,satellite_60s,60,非银金融,主板,SH,mid_cap,固定代表：申万一级「非银金融」中市值层；行业内流通市值第34/73、近20个交易日平均成交额第16/73，用于兼顾行业规模层次和可交易活跃度。,512070.SH,,30006917045.0,563543975.1,441443949.0,1.4594,0.94,-3.0556,20181019
601318.SH,中国平安,stock,fixed_representative,satellite_60s,60,非银金融,主板,SH,large_cap,固定代表：申万一级「非银金融」大市值层；行业内流通市值第2/73、近20个交易日平均成交额第1/73，用于兼顾行业规模层次和可交易活跃度。,512070.SH,,558587411240.0,3564004037.2,3747989837.0,0.6679,1.31,-1.5962,20070301
601601.SH,中国太保,stock,fixed_representative,satellite_60s,60,非银金融,主板,SH,liquidity_anchor,固定代表：申万一级「非银金融」流动性锚；近20个交易日平均成交额行业第3/73，补充该行业最活跃且未重复的交易标的。,512070.SH,,208773765750.0,1275001852.5,1108931656.0,0.5277,0.94,-1.2306,20071225
601628.SH,中国人寿,stock,fixed_representative,satellite_60s,60,非银金融,主板,SH,coverage_fill,覆盖加密：补足固定代表池至320只，并优先增加样本较少的申万一级「非银金融」；近20个交易日平均成交额行业第6/73。,512070.SH,,765681198100.0,1044415583.95,672157508.0,0.087,0.79,-1.7633,20070109
603170.SH,宝立食品,stock,dynamic_observer,satellite_60s,60,食品饮料,主板,SH,volume_ratio,动态异动（2026-09-28）：固定池外量比筛选第9，指标值5.53；捕捉成交速度异常放大。动态席位应在下一交易日重算。,515170.SH,,5236130900.0,35637619.2,171017573.0,3.2873,5.53,6.25,20220715
000716.SZ,黑芝麻,stock,fixed_representative,satellite_60s,60,食品饮料,主板,SZ,mid_cap,固定代表：申万一级「食品饮料」中市值层；行业内流通市值第68/101、近20个交易日平均成交额第18/101，用于兼顾行业规模层次和可交易活跃度。,515170.SH,,3649191720.0,306446659.94,88815777.48,2.4384,0.76,-0.2012,19970418
000858.SZ,五粮液,stock,fixed_representative,satellite_60s,60,食品饮料,主板,SZ,liquidity_anchor,固定代表：申万一级「食品饮料」流动性锚；近20个交易日平均成交额行业第3/101，补充该行业最活跃且未重复的交易标的。,515170.SH,,267475088394.0,1403833446.37,1060222915.98,0.3958,0.97,-1.0909,19980427
002515.SZ,金字火腿,stock,fixed_representative,satellite_60s,60,食品饮料,主板,SZ,mid_cap,固定代表：申万一级「食品饮料」中市值层；行业内流通市值第42/101、近20个交易日平均成交额第9/101，用于兼顾行业规模层次和可交易活跃度。,515170.SH,,7801111452.0,626707723.62,414188888.83,5.2991,1.01,-4.3243,20101203
002702.SZ,海欣食品,stock,fixed_representative,satellite_60s,60,食品饮料,主板,SZ,small_cap,固定代表：申万一级「食品饮料」小市值层；行业内流通市值第87/101、近20个交易日平均成交额第16/101，用于兼顾行业规模层次和可交易活跃度。,515170.SH,,2495566272.0,331874158.31,190982615.6,7.6485,0.85,-1.982,20121011
600186.SH,莲花控股,stock,fixed_representative,satellite_60s,60,食品饮料,主板,SH,large_cap,固定代表：申万一级「食品饮料」大市值层；行业内流通市值第18/101、近20个交易日平均成交额第2/101，用于兼顾行业规模层次和可交易活跃度。,515170.SH,,21505442366.0,3039320435.85,2684765636.0,11.8398,0.91,-7.8221,19980825
600519.SH,贵州茅台,stock,fixed_representative,satellite_60s,60,食品饮料,主板,SH,large_cap,固定代表：申万一级「食品饮料」大市值层；行业内流通市值第1/101、近20个交易日平均成交额第1/101，用于兼顾行业规模层次和可交易活跃度。,515170.SH,,1554951500608.0,3244199495.55,3488720613.0,0.2257,1.03,0.5562,20010827
600887.SH,伊利股份,stock,fixed_representative,satellite_60s,60,食品饮料,主板,SH,coverage_fill,覆盖加密：补足固定代表池至320只，并优先增加样本较少的申万一级「食品饮料」；近20个交易日平均成交额行业第4/101。,515170.SH,,170124919791.0,1317239028.05,1120497922.0,0.6607,1.18,0.4833,19960312
601579.SH,会稽山,stock,fixed_representative,satellite_60s,60,食品饮料,主板,SH,coverage_fill,覆盖加密：补足固定代表池至320只，并优先增加样本较少的申万一级「食品饮料」；近20个交易日平均成交额行业第5/101。,515170.SH,,20060748656.0,993195472.3,2223607414.0,11.245,1.17,9.9895,20140825
603696.SH,安记食品,stock,fixed_representative,satellite_60s,60,食品饮料,主板,SH,small_cap,固定代表：申万一级「食品饮料」小市值层；行业内流通市值第75/101、近20个交易日平均成交额第17/101，用于兼顾行业规模层次和可交易活跃度。,515170.SH,,3161088000.0,324199868.25,215123569.0,6.7614,0.93,-4.2053,20151209
605179.SH,一鸣食品,stock,fixed_representative,satellite_60s,60,食品饮料,主板,SH,mid_cap,固定代表：申万一级「食品饮料」中市值层；行业内流通市值第37/101、近20个交易日平均成交额第10/101，用于兼顾行业规模层次和可交易活跃度。,515170.SH,,9391420000.0,592217516.85,423269124.0,4.511,0.66,-3.9377,20201228
159915.SZ,易方达创业板ETF,etf,broad_benchmark,core_15s,15,,场内基金,SZ,创业板指,板块基准：跟踪创业板指，用于观察创业板核心公司的整体方向。,,direct,,,7970913451.0,,,-4.62,20111209
510050.SH,华夏上证50ETF,etf,broad_benchmark,core_15s,15,,场内基金,SH,上证50,宽基基准：跟踪上证50，用于观察沪市核心权重股。,,direct,,,1717795128.0,,,-1.25,20050223
510300.SH,华泰柏瑞沪深300ETF,etf,broad_benchmark,core_15s,15,,场内基金,SH,沪深300,宽基基准：跟踪沪深300，用于衡量大盘蓝筹及个股相对大盘强弱。,,direct,,,4373095288.0,,,-2.17,20120528
510500.SH,南方中证500ETF,etf,broad_benchmark,core_15s,15,,场内基金,SH,中证500,宽基基准：跟踪中证500，用于衡量中盘股整体强弱。,,direct,,,2080704738.0,,,-2.75,20130315
512100.SH,南方中证1000ETF,etf,broad_benchmark,core_15s,15,,场内基金,SH,中证1000,宽基基准：跟踪中证1000，用于衡量小盘股整体强弱。,,direct,,,3318451629.0,,,-3.61,20161104
563300.SH,华泰柏瑞中证2000ETF,etf,broad_benchmark,core_15s,15,,场内基金,SH,中证2000,宽基基准：跟踪中证2000，用于补充微盘和小盘风格观察。,,direct,,,865379802.0,,,-3.34,20230914
563360.SH,华泰柏瑞中证A500ETF,etf,broad_benchmark,core_15s,15,,场内基金,SH,中证A500,宽基基准：跟踪中证A500，用于观察行业均衡的大盘核心资产。,,direct,,,4696358585.0,,,-2.5,20241015
588000.SH,华夏上证科创板50成份ETF,etf,broad_benchmark,core_15s,15,,场内基金,SH,科创50,板块基准：跟踪科创50，用于观察科创板核心公司的整体方向。,,direct,,,7578263060.0,,,-4.09,20201116
159662.SZ,南方国证交通运输行业ETF,etf,industry_benchmark,core_15s,15,交通运输,场内基金,SZ,交通运输,行业代理：覆盖交通运输行业，用作申万一级「交通运输」相对强弱基准。,,direct,,,3395794.8,,,-0.41,20221201
512980.SH,广发中证传媒ETF,etf,industry_benchmark,core_15s,15,传媒,场内基金,SH,传媒,行业代理：覆盖传媒产业，用作申万一级「传媒」相对强弱基准。,,direct,,,263982482.0,,,-2.49,20180119
159611.SZ,广发中证全指电力公用事业ETF,etf,industry_benchmark,core_15s,15,公用事业,场内基金,SZ,公用事业,行业近似代理：覆盖电力公用事业，用作「公用事业」方向参考；不完整覆盖燃气等子行业。,,partial,,,308472201.9,,,0.59,20220107
159825.SZ,富国中证农业主题ETF,etf,industry_benchmark,core_15s,15,农林牧渔,场内基金,SZ,农林牧渔,行业代理：覆盖农业主题，用作申万一级「农林牧渔」相对强弱基准。,,direct,,,118012628.6,,,-0.14,20201229
512010.SH,易方达沪深300医药卫生ETF,etf,industry_benchmark,core_15s,15,医药生物,场内基金,SH,医药生物,行业近似代理：覆盖沪深300医药卫生成份，用作「医药生物」方向参考；对中小市值覆盖有限。,,partial,,,296355042.0,,,0.27,20131028
512660.SH,国泰中证军工ETF,etf,industry_benchmark,core_15s,15,国防军工,场内基金,SH,国防军工,行业代理：覆盖军工产业，用作申万一级「国防军工」相对强弱基准。,,direct,,,224150378.0,,,-2.75,20160808
159870.SZ,鹏华中证细分化工产业主题ETF,etf,industry_benchmark,core_15s,15,基础化工,场内基金,SZ,基础化工,行业代理：覆盖细分化工产业，用作申万一级「基础化工」相对强弱基准。,,direct,,,226740535.4,,,-2.11,20210303
159328.SZ,易方达中证家电龙头ETF,etf,industry_benchmark,core_15s,15,家用电器,场内基金,SZ,家用电器,行业代理：覆盖家电龙头，用作申万一级「家用电器」相对强弱基准。,,direct,,,14974351.6,,,-0.78,20241115
159745.SZ,国泰中证全指建筑材料ETF,etf,industry_benchmark,core_15s,15,建筑材料,场内基金,SZ,建筑材料,行业代理：覆盖全指建筑材料，用作申万一级「建筑材料」相对强弱基准。,,direct,,,36983508.7,,,-1.73,20210618
159635.SZ,华夏中证基建ETF,etf,industry_benchmark,core_15s,15,建筑装饰,场内基金,SZ,建筑装饰,行业近似代理：基建主题覆盖建筑装饰主要权重；对装修装饰等子行业覆盖有限。,,partial,,,25623239.6,,,-1.68,20220712
512200.SH,南方中证全指房地产ETF,etf,industry_benchmark,core_15s,15,房地产,场内基金,SH,房地产,行业代理：覆盖全指房地产，用作申万一级「房地产」相对强弱基准。,,direct,,,242225248.0,,,-1.19,20170925
512400.SH,南方中证申万有色金属ETF,etf,industry_benchmark,core_15s,15,有色金属,场内基金,SH,有色金属,行业代理：跟踪申万有色金属，用作「有色金属」相对强弱基准。,,direct,,,891540866.0,,,-3.92,20170901
159886.SZ,富国中证细分机械设备产业主题ETF,etf,industry_benchmark,core_15s,15,机械设备,场内基金,SZ,机械设备,行业代理：覆盖细分机械设备产业，用作「机械设备」相对强弱基准。,,direct,,,3981014.3,,,-1.72,20210428
159512.SZ,广发中证全指汽车ETF,etf,industry_benchmark,core_15s,15,汽车,场内基金,SZ,汽车,行业代理：覆盖全指汽车，用作申万一级「汽车」相对强弱基准。,,direct,,,23601683.3,,,0.4,20230725
515220.SH,国泰中证煤炭ETF,etf,industry_benchmark,core_15s,15,煤炭,场内基金,SH,煤炭,行业代理：覆盖煤炭产业，用作申万一级「煤炭」相对强弱基准。,,direct,,,762003884.0,,,-0.16,20200302
512580.SH,广发中证环保产业ETF,etf,industry_benchmark,core_15s,15,环保,场内基金,SH,环保,行业代理：覆盖环保产业，用作申万一级「环保」相对强弱基准。,,direct,,,8020084.0,,,-1.99,20170228
516160.SH,南方中证新能源ETF,etf,industry_benchmark,core_15s,15,电力设备,场内基金,SH,电力设备,行业近似代理：新能源主题覆盖电力设备主要方向；并非完整申万行业复制。,,partial,,,124208080.0,,,-2.78,20210204
159997.SZ,天弘中证电子ETF,etf,industry_benchmark,core_15s,15,电子,场内基金,SZ,电子,行业代理：覆盖电子产业，用作申万一级「电子」相对强弱基准。,,direct,,,84505254.4,,,-4.6,20200320
561360.SH,国泰中证油气产业ETF,etf,industry_benchmark,core_15s,15,石油石化,场内基金,SH,石油石化,行业近似代理：油气产业覆盖石油石化主要链条，用作行业方向参考。,,partial,,,34421615.0,,,-0.34,20231031
159766.SZ,富国中证旅游主题ETF,etf,industry_benchmark,core_15s,15,社会服务,场内基金,SZ,社会服务,行业近似代理：旅游主题可反映部分社会服务景气；不代表教育、人力服务等全部子行业。,,partial,,,169452466.0,,,-1.29,20210723
159998.SZ,天弘中证计算机主题ETF,etf,industry_benchmark,core_15s,15,计算机,场内基金,SZ,计算机,行业代理：覆盖计算机主题，用作申万一级「计算机」相对强弱基准。,,direct,,,50175705.0,,,-3.21,20200413
515880.SH,国泰中证全指通信设备ETF,etf,industry_benchmark,core_15s,15,通信,场内基金,SH,通信,行业近似代理：覆盖通信设备，用作「通信」方向参考；运营商等覆盖可能不足。,,partial,,,4762759312.0,,,-7.66,20190906
515210.SH,国泰中证钢铁ETF,etf,industry_benchmark,core_15s,15,钢铁,场内基金,SH,钢铁,行业代理：覆盖钢铁产业，用作申万一级「钢铁」相对强弱基准。,,direct,,,41233790.0,,,-1.52,20200302
512800.SH,华宝中证银行ETF,etf,industry_benchmark,core_15s,15,银行,场内基金,SH,银行,行业代理：覆盖中证银行，用作申万一级「银行」相对强弱基准。,,direct,,,1146305387.0,,,-0.48,20170803
512070.SH,易方达沪深300非银行金融ETF,etf,industry_benchmark,core_15s,15,非银金融,场内基金,SH,非银金融,行业代理：覆盖沪深300非银行金融，用作「非银金融」相对强弱基准。,,direct,,,431073632.0,,,-1.94,20140718
515170.SH,华夏中证细分食品饮料产业主题ETF,etf,industry_benchmark,core_15s,15,食品饮料,场内基金,SH,食品饮料,行业代理：覆盖细分食品饮料产业，用作「食品饮料」相对强弱基准。,,direct,,,53641463.0,,,-0.66,20210113
